"","3-5","5-10","10-20","20-30","30-40","40-50","50-60","knife","img","match"
"1",0.984611915956404,0.876794795643162,0.643732890646926,0.419954701323096,0.264803617392418,0.169829824044539,0.108950467911617,"S01:S01",1,"match"
"2",0.957644146563969,0.877144266704524,0.784617485956953,0.452548924936509,0.22160978401557,0.146735444380934,0.0844503982561608,"S01:S01",2,"match"
"3",0.912430123646825,0.900542405682412,0.68222965860735,0.450026389325403,0.261319923128071,0.28330374408851,0.0597395957982881,"S01:S01",3,"match"
"4",0.983673974725619,0.907544675385343,0.614577953431303,0.480915168452912,0.245996539472831,0.192019992932278,0.100824151057157,"S01:S01",4,"match"
"5",0.795807542431618,0.939511837520915,0.78330071107287,0.405072416240411,0.348979376840661,0.141261417707996,0.141350747526361,"S01:S01",5,"match"
"6",0.940692566871437,0.915161199573554,0.662078683710408,0.337785256563855,0.228550482449447,0.126818599581013,0.117150616286601,"S01:S01",6,"match"
"7",0.777919748185973,0.914012198300211,0.738831270396191,0.446243850024628,0.294430959880343,0.205736027014692,0.288216713418313,"S02:S02",1,"match"
"8",0.982142736083875,0.905239309392763,0.821343774950315,0.588648503137073,0.354786001653739,0.275783541293352,0.207700366306561,"S02:S02",2,"match"
"9",0.980280800970855,0.941214584025409,0.80400878535497,0.53514420126459,0.447935021737663,0.252429724092548,0.240660890268135,"S02:S02",3,"match"
"10",0.960644835936705,0.946981422648943,0.820342658255072,0.629210616784008,0.421519982462506,0.297498833836937,0.178700763391481,"S02:S02",4,"match"
"11",0.981452467562283,0.938356838833509,0.813888222263491,0.566984329544036,0.518600812767381,0.307653547138962,0.176640236584758,"S02:S02",5,"match"
"12",0.963778092426548,0.909834492655562,0.93705966620667,0.707124540900608,0.561876984572669,0.4120769950813,0.210111812137708,"S02:S02",6,"match"
"13",0.624620205208879,0.900799053768368,0.871888238539868,0.762973073571081,0.690835749930429,0.562332154760111,0.575373965043106,"S03:S03",1,"match"
"14",0.742700345115236,0.918457315245807,0.816020512272731,0.700836830026773,0.712208236505972,0.55745714075671,0.479224922539004,"S03:S03",2,"match"
"15",0.877406653072192,0.943657250938439,0.904001380451524,0.732139458096109,0.677481813376589,0.499954980174836,0.408829525015558,"S03:S03",3,"match"
"16",0.918263573175211,0.896822600142641,0.795692687306032,0.709678460131011,0.419849424172563,0.429215246345022,0.448035034079588,"S03:S03",4,"match"
"17",0.796590275917377,0.917349067849179,0.823297001179067,0.688308044625154,0.476443227609357,0.355962491584915,0.394242672054077,"S03:S03",5,"match"
"18",0.976120236742211,0.950592784123191,0.797342914983984,0.651634901433161,0.457274267475708,0.393556627325296,0.338098366714197,"S03:S03",6,"match"
"19",0.991097492349258,0.941976611551174,0.84717758708216,0.640538922093047,0.292789084698897,0.317946020596436,0.183048404035345,"S04:S04",1,"match"
"20",0.856332835905667,0.753385084776996,0.529499908648746,0.4716340949269,0.299375863709058,0.106379347301614,0.157932523371786,"S04:S04",2,"match"
"21",0.405261925291024,0.807307335691608,0.585810859007988,0.419181308640906,0.331782629063521,0.190247555561622,0.155274766091482,"S04:S04",3,"match"
"22",0.482807749689311,0.445292388624936,0.454508493142083,0.383888130570242,0.234560038541999,0.110041682106168,0.0513630172232056,"S04:S04",4,"match"
"23",0.486849494065556,0.632820351816205,0.527138833701482,0.401993683066637,0.137888244535501,0.0561556077075285,0.0639663337830943,"S04:S04",5,"match"
"24",0.59775506171226,0.861176551071278,0.670785762676386,0.433361333436502,0.332204864415494,0.189191943196488,0.110865884896574,"S04:S04",6,"match"
"25",0.934880037830986,0.866504967454275,0.662881505096385,0.424757928379031,0.250041023107815,0.157088784860147,0.0838356594067002,"S05:S05",1,"match"
"26",0.934565809783205,0.819850934002162,0.674230002430845,0.484324639304544,0.217011184456931,0.194700522453738,0.110578051936449,"S05:S05",2,"match"
"27",0.983110312706685,0.742412138025887,0.702924844656269,0.227186349509542,0.332469266206569,0.190239521313163,0.217484925875442,"S05:S05",3,"match"
"28",0.894229911762823,0.812793557259285,0.676731233264542,0.442594066415773,0.300048059945228,0.170411751281925,0.145405712105719,"S05:S05",4,"match"
"29",0.24995174292671,0.89821153041797,0.75737586231486,0.462746634406906,0.24317680806986,0.195855732749459,0.132879622603745,"S05:S05",5,"match"
"30",0.824175848871867,0.693509697839498,0.610094933405233,0.285046935308342,0.206147661405485,0.118523030329801,0.0990377885671599,"S05:S05",6,"match"
"31",0.845231826302742,0.792593931969954,0.62350263392341,0.442158063627279,0.343776855056319,0.0742377546592065,0.146828296798009,"S06:S06",1,"match"
"32",0.861451576704782,0.831030327667943,0.646282758707759,0.388339205960059,0.217747970667262,0.160007675015776,0.0534700885221792,"S06:S06",2,"match"
"33",0.600969210371515,0.78140053325364,0.749119589322028,0.492653252479633,0.381558256269403,0.214070779540609,0.166124190139762,"S06:S06",3,"match"
"34",0.89376557074919,0.801408290344014,0.758145341942587,0.484664586294255,0.37108114376123,0.136215759430964,0.117151859452122,"S06:S06",4,"match"
"35",0.795909080633637,0.910450861745991,0.82690320769084,0.539446030981556,0.262309116153585,0.0998145454222336,0.0559219333028772,"S06:S06",5,"match"
"36",0.816563211463831,0.964899068117825,0.778911689313995,0.6075507467393,0.193639879642677,0.187549046995909,0.0822491213293353,"S06:S06",6,"match"
"37",0.77244200452395,0.879175748008698,0.770903606349803,0.641355992002297,0.400194851206718,0.278456409283425,0.188712896477412,"S07:S07",1,"match"
"38",0.98859451335137,0.872963163789863,0.810145681432469,0.549104220326114,0.447586182597011,0.326662671278803,0.188360043259156,"S07:S07",2,"match"
"39",0.995082829025223,0.840554794722713,0.748447561675208,0.469575955146695,0.377192102761306,0.270946469781608,0.167526791958055,"S07:S07",3,"match"
"40",0.988966497827202,0.777766988608721,0.820354448658954,0.441461189615704,0.22924679890696,0.232840737040266,0.127516272521296,"S07:S07",4,"match"
"41",0.870955668331676,0.840859390143155,0.670166462607613,0.423595914660588,0.228468550059443,0.142239664597354,0.103226861492364,"S07:S07",5,"match"
"42",0.945675222357791,0.772659675702032,0.663590754855429,0.25629148511726,0.243772037694525,0.224792713732191,0.0814264993627899,"S07:S07",6,"match"
"43",0.976214426288165,0.949285824210538,0.755250793889304,0.636957661492707,0.392444308572869,0.341171995347203,0.286523238686358,"S08:S08",1,"match"
"44",0.9548885304325,0.836560023659621,0.738952820516462,0.635844440831985,0.423483124440674,0.268743187905634,0.256017119654245,"S08:S08",2,"match"
"45",0.625678198751686,0.824545427577432,0.659565041991312,0.444154376700092,0.295847812635566,0.212878923029245,0.210372372527668,"S08:S08",3,"match"
"46",0.711881048970516,0.714239766163415,0.648639671354111,0.416632674550135,0.263025821506251,0.217335546731165,0.16801863718219,"S08:S08",4,"match"
"47",0.728866857028166,0.8298120128579,0.696837360857132,0.431045211604944,0.221574332243147,0.134144211164552,0.181616045517072,"S08:S08",5,"match"
"48",0.797276360811188,0.637634222672131,0.467011126036073,0.348543427456917,0.196686586133587,0.139858573587037,0.0770953146599461,"S08:S08",6,"match"
"49",0.980210135330032,0.913080376234803,0.667069257463105,0.323310840707144,0.335960428845352,0.0777255748196395,0.191959124091947,"S09:S09",1,"match"
"50",0.973177428280397,0.917307943320305,0.697949418915976,0.434528920798898,0.401210700322187,0.0905734193480096,0.130697669833525,"S09:S09",2,"match"
"51",0.629730501071116,0.886927755112148,0.740201983649218,0.558151483898277,0.408935304072236,0.217221405018136,0.185279164619261,"S09:S09",3,"match"
"52",0.959203541267041,0.940178207307673,0.784462285216822,0.532158308655054,0.501217539550924,0.274176820865206,0.174729298781786,"S09:S09",4,"match"
"53",0.81814987896861,0.909762510812906,0.751846778252263,0.657826881731848,0.482585283027918,0.239390856211632,0.102701548181618,"S09:S09",5,"match"
"54",0.648757088090812,0.872402305780909,0.81876148844563,0.717487154096755,0.368709990984781,0.249963604686038,0.207580130609937,"S09:S09",6,"match"
"55",0.738642534904242,0.845880066887554,0.442316891517113,0.245395972700421,0.0980484624683474,0.0578682208579578,0.134288795499029,"S10:S10",1,"match"
"56",0.391217809674482,0.640473543728015,0.507973788813615,0.157071647499051,-0.00068044216191193,0.0240508598945309,0.0678591080875685,"S10:S10",2,"match"
"57",0.938474952730365,0.881023303199941,0.703576120733143,0.379034697632641,0.0812075190299759,0.0297711164097616,0.0290998780999822,"S10:S10",3,"match"
"58",0.94540816485943,0.943435835022696,0.634413636616365,0.320065960236711,0.16320800016368,0.0615385461013459,0.0268403088977931,"S10:S10",4,"match"
"59",0.881826069186573,0.910090435631197,0.701796210257468,0.366297086626174,0.193592245377208,0.0811257682910509,0.00863522737805679,"S10:S10",5,"match"
"60",0.898671830087234,0.928177716894099,0.753513911721122,0.382791865502911,0.129188092506673,0.0503127162925068,0.0949664306505339,"S10:S10",6,"match"
"61",0.451702897805812,0.145848136655004,0.322795021122726,0.229074248919479,0.0895645197582664,0.140436533483632,0.0273421871667823,"S01:S02",1,"nonmatch"
"62",0.15713399631399,0.48370012954214,0.388331307778787,0.068184644927417,0.111396648644125,0.201431602996802,0.04780821439659,"S01:S02",2,"nonmatch"
"63",-0.119195081172597,0.316888787433885,0.284111151489638,0.100067072823265,0.0790659981639659,0.133243391164962,0.000390126579050276,"S01:S02",3,"nonmatch"
"64",0.102223983009026,0.31441866367721,0.258606000772611,0.149775584888126,0.0937873986707769,0.128479892029179,0.0456772465886619,"S01:S02",4,"nonmatch"
"65",0.308953695842086,0.34494546471633,0.307433976966317,0.18365510912711,0.0987578564323027,0.155981503242057,0.193216669674371,"S01:S02",5,"nonmatch"
"66",-0.682998392355847,0.225388784143699,0.270563278084932,-0.0052025031668514,0.0529080576827917,0.113976608276531,0.0850314098396564,"S01:S02",6,"nonmatch"
"67",0.791846917031443,0.190180178871363,0.269520214691932,0.157909715456565,0.0740380333597597,0.115557716979622,0.00222486281476962,"S01:S03",1,"nonmatch"
"68",0.627881794112208,0.540720506762405,0.309053354693573,0.173405875309223,0.0972077847287405,0.161662670047288,0.0551393348140645,"S01:S03",2,"nonmatch"
"69",0.521871303195053,0.456191335164633,0.371323802933394,0.262105200252564,0.120205916311744,0.0309114213949115,-0.00163230536818066,"S01:S03",3,"nonmatch"
"70",0.581179157318866,0.267807774818014,0.168398590856991,0.296144257859293,0.0862344753042474,0.0138568684624776,0.0680961619148783,"S01:S03",4,"nonmatch"
"71",0.0632014083916964,0.166665807114694,0.348659268519672,0.336930880233358,-0.000988111149556721,0.162818542174008,0.0737707231760275,"S01:S03",5,"nonmatch"
"72",0.718182560427096,0.176064432163259,0.317512748020608,0.127025564042194,0.14812872633591,0.0281375330526493,0.121083862308687,"S01:S03",6,"nonmatch"
"73",-0.397167724390469,0.179108626286807,0.322703191682576,0.191819076628191,-0.0355262277676652,0.0730093562335351,-0.0645082540197832,"S01:S04",1,"nonmatch"
"74",0.15992644459092,0.448706299116435,0.360820282192559,0.17885217202069,0.0851040231082825,0.0323872435791942,0.0107293878077413,"S01:S04",2,"nonmatch"
"75",0.0125233207936578,0.536164891366046,0.356268063432674,0.14996246099947,-0.067850225857625,0.0724202272385176,0.031790499540483,"S01:S04",3,"nonmatch"
"76",0.194989766928343,0.353666825285353,0.363331758449087,0.101007053230801,0.0577421847988133,0.0995325974687691,0.0213433266214881,"S01:S04",4,"nonmatch"
"77",-0.538894869245026,0.536623596027183,0.375507934108793,0.264748714667871,0.0860772351164446,0.0370856282679557,0.120073538493414,"S01:S04",5,"nonmatch"
"78",0.496478447116438,0.084811179997449,0.235921942667377,0.190896040920783,-0.0126377759647307,0.0290820644992971,0.110526339700252,"S01:S04",6,"nonmatch"
"79",0.900796754007829,0.308698290250583,0.373577873582921,0.181346240574562,0.046117878856045,0.0264692427062689,0.096253832358685,"S01:S05",1,"nonmatch"
"80",0.326266798401367,0.596785634538445,0.496097759753425,0.171420383356499,0.164539825635094,0.0398566609176808,0.100619992000604,"S01:S05",2,"nonmatch"
"81",0.781189180797285,0.495127616715491,0.403120681563673,0.0221381220041543,0.031898652067981,0.010405074076039,0.0362724082087721,"S01:S05",3,"nonmatch"
"82",0.614823373361092,0.523314643576229,0.322647466216449,0.154904498634406,0.130255777205942,-0.0101335032482801,0.0555822307046417,"S01:S05",4,"nonmatch"
"83",0.0872665287053367,0.480004686825261,0.3395885645302,0.129929878948491,0.123583373957731,0.137563268358453,0.0466431029588997,"S01:S05",5,"nonmatch"
"84",0.872349227608955,0.0361310567756402,0.437010595061125,0.0447314585059699,0.0710272134697379,0.0726987107634844,0.0365442804296234,"S01:S05",6,"nonmatch"
"85",0.222866961570004,0.0522205992767617,0.220443684221524,0.264859629018949,0.0606400321825259,0.185674140132824,0.0197836817363559,"S01:S06",1,"nonmatch"
"86",0.187884873256068,0.221337487585784,0.282185234668207,0.128512260554247,0.0596742614934168,0.113984074777947,0.0638860417189245,"S01:S06",2,"nonmatch"
"87",-0.422017180132425,0.357770415244372,0.337947042637223,0.182268112668121,0.13141515824241,0.0654437215758297,0.0763809067315091,"S01:S06",3,"nonmatch"
"88",0.34676371531965,0.339696021506771,0.36160486139652,0.153439235689388,0.100788665699187,0.0845120694006413,0.0294915355942773,"S01:S06",4,"nonmatch"
"89",-0.849112472363228,0.332996517084151,0.275020115223601,0.1686945276784,0.133339422911843,0.0975094565788165,0.136329974599376,"S01:S06",5,"nonmatch"
"90",0.12039864397485,0.228673067966658,0.337811541505,0.243627531103265,0.0258276732907192,0.0800360703552462,0.0189643475478925,"S01:S06",6,"nonmatch"
"91",0.545843007711825,0.27116476865043,0.301542820871408,0.204005240188052,0.0661566028039666,0.077145390595444,-0.0439521340837212,"S01:S07",1,"nonmatch"
"92",0.330147742365612,0.470358147967932,0.324615026794683,0.0550317191845367,0.125513351063558,0.14674205153764,0.0754067013509478,"S01:S07",2,"nonmatch"
"93",0.341614666914957,0.358329121103868,0.28107910357623,0.100252087459265,0.0155809508433428,0.0651135632775101,0.0689626436811348,"S01:S07",3,"nonmatch"
"94",-0.459208186406101,0.155287144714264,0.282587356280506,0.250429017443761,0.0787213403130541,0.131917273015894,0.053860276986789,"S01:S07",4,"nonmatch"
"95",-0.780606350970491,0.447934259289761,0.359081588462397,0.220484897310542,0.138185631680924,0.0493492889578128,0.149437806209621,"S01:S07",5,"nonmatch"
"96",0.388215948370081,0.403377672973971,0.273010884497007,0.12025727707251,0.0361776392870559,0.0148408552993291,0.115134420531788,"S01:S07",6,"nonmatch"
"97",0.702926030652752,0.057222118207595,0.32391763825892,0.282583864657185,0.050457350680834,0.111923935742698,-0.0881347650594936,"S01:S08",1,"nonmatch"
"98",-0.115804347955725,0.444825042309598,0.408060062271207,0.240722112854763,0.14604357323699,0.0119395480938461,0.027774208993683,"S01:S08",2,"nonmatch"
"99",0.556076535717182,0.446416008314635,0.333257628982347,0.0951563842931523,0.077727833548557,0.114527054492753,0.0360604933185644,"S01:S08",3,"nonmatch"
"100",-0.241353291399911,0.160936545370816,0.248045826431111,0.116068283947182,0.0124356489485536,0.0616685858386009,0.0343752786156238,"S01:S08",4,"nonmatch"
"101",0.0941335676949063,0.526794425370176,0.360860265778194,0.159435837322353,0.0839811432845318,0.0209007489492096,0.087484155251684,"S01:S08",5,"nonmatch"
"102",0.235375452200789,0.321154483669221,0.168421210820222,0.078478801846238,0.0876875137757178,0.126973851006326,0.011914445609531,"S01:S08",6,"nonmatch"
"103",0.788432587828837,0.432708841227913,0.229642043494954,0.109112272052459,0.178405961661463,0.168661971989332,0.0683354101873859,"S01:S09",1,"nonmatch"
"104",0.600862144836403,0.442724640033628,0.39325264881561,0.202599350767719,0.146436460829137,0.0195945866701613,-0.0273293376462442,"S01:S09",2,"nonmatch"
"105",-0.457255010115899,0.179896231488052,0.378108540146743,0.170844368689903,-0.0264391073872885,0.0562363075455877,0.024856918345377,"S01:S09",3,"nonmatch"
"106",0.0148064963860912,-0.0736767783609118,0.402522850222911,0.200036547388193,0.100275293153145,0.0642496721626617,0.112454143593802,"S01:S09",4,"nonmatch"
"107",-0.458563664492518,0.271462130668057,0.199001046247371,0.0724768299634999,0.0989242705374089,0.079493509451587,0.00513701242642141,"S01:S09",5,"nonmatch"
"108",-0.373143557287078,0.104802050611479,0.196586623543985,0.0740755205980491,0.116020348642648,0.0259708063704392,0.105824657866244,"S01:S09",6,"nonmatch"
"109",0.150360450735175,0.452234888397375,0.369115146727783,0.241756331792069,0.0728242023122705,0.0019383850792065,0.0384324643889605,"S01:S10",1,"nonmatch"
"110",-0.260925307901901,0.683247260271986,0.334469023420571,0.217247098163095,0.0384162055128146,0.0936529631555523,-0.0557184243758257,"S01:S10",2,"nonmatch"
"111",0.321407971955273,0.498957553711093,0.429201336454434,0.147581273910393,-0.0218812707800122,0.0444416927400204,0.088592428607425,"S01:S10",3,"nonmatch"
"112",0.556460485248825,0.198463650016044,0.427681901381959,0.284336193283711,0.0401490609829345,0.0869828926570202,-0.00853967129237896,"S01:S10",4,"nonmatch"
"113",-0.722596087828923,0.195277473194241,0.331785194802357,0.30157973511223,0.0869074163358954,0.0549483251821037,0.066038395892386,"S01:S10",5,"nonmatch"
"114",-0.360295462819795,0.248421360804264,0.347925240628423,0.0133882303713721,0.111479744024643,0.00270359541826565,0.0350463490965184,"S01:S10",6,"nonmatch"
"115",0.105499200527082,0.336835839902786,0.368378880564673,0.234248251555304,0.107945449079655,0.0696698232689658,0.0182423885533139,"S02:S01",1,"nonmatch"
"116",0.448166935445134,0.339524824690224,0.404441381930515,0.230694490605354,0.0126933519340686,0.0688155264945493,0.00115022510077597,"S02:S01",2,"nonmatch"
"117",0.104189865214613,0.366643693594529,0.345553195653172,0.162207263621319,0.120559290638111,0.0318422819230236,0.0594072278581682,"S02:S01",3,"nonmatch"
"118",0.25116384559413,0.215971586006943,0.191304993461656,0.0988875580973225,0.157153478587084,0.156060830996444,-0.0144237746309294,"S02:S01",4,"nonmatch"
"119",0.656492074540549,0.328098714168212,0.371791800761552,0.125149558137653,0.099886321519207,0.0507285756851746,0.0517151619083568,"S02:S01",5,"nonmatch"
"120",-0.462435286581136,0.181198647196421,0.314566119592259,0.0163345465702849,0.0852805733969035,0.0258446733613501,0.016807039193503,"S02:S01",6,"nonmatch"
"121",0.0787606428803436,0.316093871459368,0.214581589158351,0.157873995813979,0.0164509926334923,0.130320877183656,0.0779213519086652,"S02:S03",1,"nonmatch"
"122",0.384699103645792,0.181779708087718,0.308481113803225,0.129408171276291,0.135079222900003,0.0637769748676524,0.104895665986342,"S02:S03",2,"nonmatch"
"123",-0.442447261885089,0.515463112519376,0.480701468986452,0.23079352075137,0.184509704352253,0.0293201590989368,0.0731997008455758,"S02:S03",3,"nonmatch"
"124",-0.394354363710567,0.444896438033191,0.375627017909564,0.187346469266742,0.122070133690642,0.0653436275160852,0.0907390427345841,"S02:S03",4,"nonmatch"
"125",0.0472405045021774,0.259001157299663,0.354536834223121,0.135424832338221,0.161434089283727,0.146694057707632,0.113974163718492,"S02:S03",5,"nonmatch"
"126",-0.00252765073994049,0.261514616325048,0.45643324299343,0.180623639765977,0.0357195284917516,0.13927592073305,-0.0083912809123243,"S02:S03",6,"nonmatch"
"127",-0.632851121217351,0.30483757660738,0.323138592407953,0.215059011792623,0.0575248132235144,0.0644396454729386,0.0169955398760014,"S02:S04",1,"nonmatch"
"128",-0.641925645078318,0.130307313166394,0.161721041347848,0.188719294848388,-0.00433085648213958,-0.039738427276924,0.0676646395175158,"S02:S04",2,"nonmatch"
"129",0.626777826582088,0.158395902816639,0.307345161625014,0.205981174299764,-0.0377181731199758,0.0076541148357065,0.0435663631833692,"S02:S04",3,"nonmatch"
"130",-0.0750490382721701,0.479354443286899,0.247955803776315,0.157915942874033,0.133313021340232,0.142866699493849,0.105631217425344,"S02:S04",4,"nonmatch"
"131",0.311433359194088,0.367558187478155,0.356770813364674,0.248542405558556,0.113117912659786,0.0902175199196338,0.0714459217402889,"S02:S04",5,"nonmatch"
"132",-0.718242417118223,0.247124843716563,0.395207101969689,0.15718554050689,0.146715824782259,0.117574601188183,0.088008947110011,"S02:S04",6,"nonmatch"
"133",0.186593315849857,0.381053451919709,0.397513965295877,0.137181884374545,0.0699505386317999,0.0375576397597458,0.063994657859021,"S02:S05",1,"nonmatch"
"134",0.583463633727622,0.174089678917027,0.379570284716617,0.183821942413758,0.150507176915707,0.0930796284402917,0.0894272077985983,"S02:S05",2,"nonmatch"
"135",-0.317951004789894,0.0689751079708722,0.39345913367002,0.217772147037224,0.0683350492513634,0.0824037303134982,0.115856721218622,"S02:S05",3,"nonmatch"
"136",-0.200215585084854,0.380438867042876,0.247777512191348,0.245554019048226,0.138815991047761,0.0689727754738999,0.110866175408539,"S02:S05",4,"nonmatch"
"137",-0.376980159754184,0.495486883242595,0.219824329446435,0.180524489445361,0.127274422763722,0.0874671134219563,0.0140333439383044,"S02:S05",5,"nonmatch"
"138",-0.253506503712353,0.196625602980685,0.452761746134337,0.162209348908009,0.0468946972630336,0.141950363819832,0.00429287136486486,"S02:S05",6,"nonmatch"
"139",-0.0182700350194506,0.217412989712169,0.362457044658832,0.272973407074695,0.00860961657827007,0.118193896007399,0.135135532402514,"S02:S06",1,"nonmatch"
"140",0.690248498752791,0.181452580205453,0.11489752761017,0.152003616579341,0.0796840517644106,0.0382942821798787,0.132636931311764,"S02:S06",2,"nonmatch"
"141",0.0391017407759914,-0.0641939251660748,0.331767008973427,0.121585260292603,0.136697607652997,-0.0123726346763468,0.132433956271619,"S02:S06",3,"nonmatch"
"142",-0.0423844967722242,0.154156905230381,0.244548145449118,0.141693197491677,0.0583247822934557,0.12892181190905,0.119215580446747,"S02:S06",4,"nonmatch"
"143",0.0432853664705809,0.360637856301959,0.394115433553577,0.221530076935201,0.0531153591923764,0.109115687600115,-0.00577205900757987,"S02:S06",5,"nonmatch"
"144",-0.307892938303499,0.239259030249842,0.292439123320904,0.156594856983375,0.0376041434771731,0.136909427790647,-0.00201058867440704,"S02:S06",6,"nonmatch"
"145",-0.106086035641167,0.147073924717217,0.262712630064044,0.27888848065566,0.111846937677889,0.18283390332237,0.107004386939902,"S02:S07",1,"nonmatch"
"146",0.867879037449197,0.255214606019179,0.344957207948355,0.14532082405523,0.195859875340714,0.143595889059804,0.128480015600864,"S02:S07",2,"nonmatch"
"147",0.910375522238388,0.449292942719464,0.35477871147963,0.224433010263984,0.162562219265437,0.121204260681237,0.112454790282977,"S02:S07",3,"nonmatch"
"148",-0.696950260266559,0.165083018643127,0.223848181368056,0.145348200501463,0.148645618566881,0.0530586593362931,0.0341625880592689,"S02:S07",4,"nonmatch"
"149",-0.0971041160378933,0.227580242290184,0.266835505170758,0.103096080701531,0.136688596992297,0.188247476512588,0.00684162055858737,"S02:S07",5,"nonmatch"
"150",0.309984800006349,0.233447418292555,0.34022087021424,0.133841239531651,0.063758729376453,0.175967024225712,0.0472567943373798,"S02:S07",6,"nonmatch"
"151",-0.0242622053711777,0.165651035553527,0.413817862393457,0.225786718279329,0.0196334611351326,0.0292447498794266,0.0724421745648746,"S02:S08",1,"nonmatch"
"152",0.887637769749345,0.169216124871178,0.334384177409598,0.242380775911726,0.0744780979674313,0.12282987186496,0.120312040071499,"S02:S08",2,"nonmatch"
"153",0.376553366794783,0.487558246293356,0.31885182879864,0.148244554661645,0.0886926480721228,0.182254390479366,0.0774468840692464,"S02:S08",3,"nonmatch"
"154",-0.45962566651161,0.30584801741992,0.308205592879203,0.283099474629283,0.0189870224540983,0.00769333614694351,0.0551056715454377,"S02:S08",4,"nonmatch"
"155",0.139270336425362,0.323068989084768,0.168640073127783,0.155952996432787,0.078987545258565,0.0345039102334017,0.0170101298131846,"S02:S08",5,"nonmatch"
"156",0.233542189514933,0.109318604150234,0.197350628298606,0.146069610992954,0.102442371967152,0.0725324995387766,-0.0267754747158858,"S02:S08",6,"nonmatch"
"157",0.524836866625715,0.322757475565237,0.308563135745666,0.177853980898211,0.165674741155057,0.118387116716686,0.110985316951922,"S02:S09",1,"nonmatch"
"158",0.72919297838387,0.244642154671009,0.227681301605397,0.262488456295738,0.107614396914295,0.182549568883713,0.0595768001702577,"S02:S09",2,"nonmatch"
"159",0.365544667278496,0.234399638622658,0.419573970639681,0.283463330179464,0.112575952421761,0.050656721502195,0.0575089502526067,"S02:S09",3,"nonmatch"
"160",-0.708346521797304,0.309147137731194,0.334950417594302,0.12888815809853,0.0986041127668875,0.0364751122400067,0.0545368184149867,"S02:S09",4,"nonmatch"
"161",0.519303786110215,0.186879672207208,0.171665911209216,0.194265733049865,0.0732205168098562,0.0837294290006309,0.0143583670956284,"S02:S09",5,"nonmatch"
"162",0.16879712368497,0.361275617214555,0.202165322135475,0.0677954538814487,0.104572716991846,0.104603592718186,-0.00636922683556853,"S02:S09",6,"nonmatch"
"163",-0.519138764199309,0.448186494873633,0.415890878025959,0.232307157726997,0.140181679338878,-0.00880460634938962,0.0869569302132994,"S02:S10",1,"nonmatch"
"164",0.42149024870295,0.4018101805174,0.0736602811728502,0.270272083788954,0.0487422587032508,0.0177392401115691,0.0208347512254277,"S02:S10",2,"nonmatch"
"165",0.395274760744665,0.0435394857952353,0.2947051748826,0.132207316472827,0.131434710201864,0.0117930414931805,0.141984132329677,"S02:S10",3,"nonmatch"
"166",0.653773686479719,0.456794987174122,0.278318605668663,0.198872191269199,0.0446578185197094,0.0936306484097403,0.11920616864462,"S02:S10",4,"nonmatch"
"167",-0.105470100529927,0.397764535287639,0.294749938602614,0.154408908547785,0.0935285412768971,0.0930078465129284,0.0713100497667783,"S02:S10",5,"nonmatch"
"168",-0.257110706497448,0.361305690356008,0.389843648900822,0.140955287779947,0.0663577055910138,0.0830614453975053,0.0179049598359953,"S02:S10",6,"nonmatch"
"169",0.168090838867592,0.352656040008743,0.148831119672861,0.162570889478311,0.0603061911005227,-0.0527384781132215,0.0839277438870928,"S03:S01",1,"nonmatch"
"170",0.125354927080284,0.490378947726916,0.284714803840623,0.136562809223679,0.123350400502324,0.131917962555767,0.143018129298795,"S03:S01",2,"nonmatch"
"171",0.158966317920063,0.395409955637937,0.241609998459303,0.212228389979455,0.197903265093445,0.0294714733805069,0.0702135463784491,"S03:S01",3,"nonmatch"
"172",0.460512347394213,0.310763067023973,0.213872419410892,0.223315692163476,0.11410021931646,-0.00524377087838887,0.0873676212201674,"S03:S01",4,"nonmatch"
"173",0.285409909781709,0.31378245898244,0.377540195031601,0.152670775442136,0.0774592176398497,0.0677996248086341,0.139137426692754,"S03:S01",5,"nonmatch"
"174",0.800815824078043,0.261807061080772,0.226818531595694,0.245835504065641,0.0581145677052639,0.079632787081985,0.00319229382445093,"S03:S01",6,"nonmatch"
"175",-0.0257274731834779,0.311808365189968,0.332139825440341,0.120502860040528,0.0667029923347092,0.117461982607284,0.137745266446653,"S03:S02",1,"nonmatch"
"176",-0.28719992488589,0.251018127447752,0.316575674867113,0.0784732620284921,0.197815587687532,0.124677375554352,0.110589552000274,"S03:S02",2,"nonmatch"
"177",-0.377024137152065,0.547111348141712,0.36102778940064,0.210053105336295,0.154689791499467,0.014839585615217,0.116471493016906,"S03:S02",3,"nonmatch"
"178",-0.548804687985274,0.377441884480629,0.334439181172267,0.125495492245411,0.228122740575898,0.0589970151658005,0.0226814794812098,"S03:S02",4,"nonmatch"
"179",0.536652057269892,0.219915803665856,0.327272772160434,0.238865243724943,0.0428883908238005,-0.0154848454249852,0.0897537401400188,"S03:S02",5,"nonmatch"
"180",-0.123561180542887,0.207783511689425,0.344075585470103,0.182842850082681,0.163715013561213,0.139182934170264,-0.0178009992899345,"S03:S02",6,"nonmatch"
"181",0.345315906320798,0.27349438682911,0.209431779472638,0.117942273982964,-0.00872290501901519,0.0769354062491718,0.0584410410585605,"S03:S04",1,"nonmatch"
"182",0.712024055584504,0.229436062047567,0.264471075499682,0.0521664722043364,0.0752105472880516,0.0898832818651172,0.101517724723046,"S03:S04",2,"nonmatch"
"183",-0.311038747846419,0.322724047095307,0.246702915498767,0.18083486463418,0.101121814906474,0.109791772721343,0.138039688248406,"S03:S04",3,"nonmatch"
"184",0.657693118893871,0.309130475301363,0.284528780604802,0.214830958844893,0.151049812416169,0.0770379214574965,0.108226632278158,"S03:S04",4,"nonmatch"
"185",0.650617511530603,0.683705937517909,0.292227313026478,0.230970498251079,0.20813294403218,0.0338344941596646,0.104230965113949,"S03:S04",5,"nonmatch"
"186",-0.0242571966226835,0.520505804079919,0.178266791351292,0.217092225094814,0.0432963143429307,0.085091621704672,0.18627786791251,"S03:S04",6,"nonmatch"
"187",-0.132099264502645,0.403663596705327,0.2369955383826,0.184904449134429,0.0170467841666532,0.0233583717306793,0.124637989436238,"S03:S05",1,"nonmatch"
"188",-0.219284862791635,0.303461417296071,0.360570617157037,0.127894110632957,0.113172724874205,-0.0231778545838363,0.100425360146671,"S03:S05",2,"nonmatch"
"189",0.833030227737007,0.30621762077023,0.340156734130057,0.0860145061391669,0.153413265278117,0.00595451227806072,0.132535419437473,"S03:S05",3,"nonmatch"
"190",0.174929916739688,0.406297403038806,0.39596939531408,0.328652268673248,0.155050953118964,0.0331739611605099,0.0641463489292751,"S03:S05",4,"nonmatch"
"191",-0.561972845116281,0.690540986675966,0.455435200410319,0.208646696107331,0.206136044259213,0.0887573189450616,0.0070785772773135,"S03:S05",5,"nonmatch"
"192",0.876050192465427,0.44009959901079,0.331411763772884,0.147861751520384,0.172206349197686,0.147502560752947,0.145362110703325,"S03:S05",6,"nonmatch"
"193",-0.667132772540797,0.0170366254097401,0.233664024223087,0.167973884810989,0.0121955417743673,0.106633634170035,0.0714182829357555,"S03:S06",1,"nonmatch"
"194",-0.79296694750593,0.198026001134029,0.262607053846158,0.0893458594591227,0.0829924475308048,0.0300587788984705,0.0557189169405025,"S03:S06",2,"nonmatch"
"195",-0.0184390195712182,0.289759393788453,0.267945530304749,0.164500494604362,0.052580386729638,-0.0180862176170284,0.0768059292814894,"S03:S06",3,"nonmatch"
"196",0.185578867824861,0.229671560883864,0.206356185010542,0.224632967058247,0.0914111399748811,0.0929192228102508,0.020897654147788,"S03:S06",4,"nonmatch"
"197",0.0749662066305016,0.175876364585854,0.317655168886834,0.198489709964517,0.150806289154677,0.0181064481562609,0.040851223690042,"S03:S06",5,"nonmatch"
"198",0.129409221414986,0.642727143541078,0.159371483228795,0.293513753880338,0.193420507661529,0.0585694403775299,0.140842684858383,"S03:S06",6,"nonmatch"
"199",0.537401539836154,-0.00377396743527918,0.236401578239673,0.142732089424541,0.0844070941331518,0.0732828184439945,0.00372195432596607,"S03:S07",1,"nonmatch"
"200",0.0144803651684151,0.529767891157735,0.348130322103485,0.135965440167079,0.281186048752379,0.186459764282519,0.0695185845939486,"S03:S07",2,"nonmatch"
"201",-0.228801022427001,0.641107502128939,0.318679840168638,0.15488332184312,0.232947631770309,0.00531077170656376,0.107659441239687,"S03:S07",3,"nonmatch"
"202",0.533771801439518,0.312800651250792,0.355639819504972,0.269253511928992,0.111737932938249,0.065691556373493,0.0556416536149794,"S03:S07",4,"nonmatch"
"203",-0.229548204510546,0.450925725496077,0.437727094970565,0.257025970181083,0.151975945654189,0.0771034948930188,0.039831900946642,"S03:S07",5,"nonmatch"
"204",0.687375234188265,0.471075279431737,0.245032681576443,0.25210805721546,0.149023561299104,0.0435319440307825,0.112327401180115,"S03:S07",6,"nonmatch"
"205",-0.292712707395728,0.197362177024966,0.197048586415722,0.0870594940976698,0.0558178450814138,0.00142689867592031,0.077715303414469,"S03:S08",1,"nonmatch"
"206",-0.46345663442159,0.115363717314296,0.461806470998552,0.178204171874975,0.108396874429677,0.0979368397298,0.100078408633867,"S03:S08",2,"nonmatch"
"207",0.10291763204148,0.429115978177497,0.29900933574004,0.171055366092987,0.0585952512166775,0.00264048297477264,0.119471694033412,"S03:S08",3,"nonmatch"
"208",0.620256223905615,0.482620352045393,0.301947309395682,0.267744811006358,0.0490293630121578,0.0753701266579618,0.0815349258899712,"S03:S08",4,"nonmatch"
"209",0.759132115811082,0.464974921735945,0.269702798234416,0.237109039923381,0.0538267315533331,0.0327315840002804,0.0947059683517839,"S03:S08",5,"nonmatch"
"210",0.79359956380591,0.357520291102899,0.215695763711463,0.19799410067754,0.11321440328905,0.11068979590353,0.0784516902691812,"S03:S08",6,"nonmatch"
"211",-0.123776951195085,0.365332481840023,0.232754937628454,0.0758666104344776,0.0745490908555048,0.0545709399001721,0.029047722079671,"S03:S09",1,"nonmatch"
"212",-0.0350764385986277,0.528674159978401,0.322539170196666,0.105704552955853,0.138558755884037,0.0223147402972334,0.0592406192065452,"S03:S09",2,"nonmatch"
"213",-0.527682836279886,0.457426085478259,0.35173166481892,0.167778944979499,0.0440850035367415,0.101988547471495,0.154575889067936,"S03:S09",3,"nonmatch"
"214",0.847659128607069,0.445040813718187,0.361003145557411,0.127127680898435,0.220530987985375,0.0242725659528263,0.0532506579475657,"S03:S09",4,"nonmatch"
"215",0.612255625922343,0.390467405580039,0.348020675244338,0.140308159730063,0.12490862527211,0.0589420392644513,0.0366958249924096,"S03:S09",5,"nonmatch"
"216",0.0112230878055066,0.0959969122347327,0.120058250674964,0.326314730784875,0.13439600528734,0.0668272547787845,0.042426028656034,"S03:S09",6,"nonmatch"
"217",0.19573757664878,0.24607482709538,0.139094836088112,0.138286483659322,0.0568851949724157,0.00998724322340733,-0.0223845158618348,"S03:S10",1,"nonmatch"
"218",-0.0729052578136878,0.40729065820528,0.286909058371111,0.136312947650335,0.146310773082494,0.0442688444365759,-0.0389723315994924,"S03:S10",2,"nonmatch"
"219",0.163291275538335,0.516749542600801,0.271876978874236,0.17687124179528,0.149913818063701,0.0133948934405488,0.0620154693633425,"S03:S10",3,"nonmatch"
"220",0.430834604892175,0.687529861545185,0.389332609487367,0.194924029910208,0.216962579222925,0.0759664453938549,0.0261895669678503,"S03:S10",4,"nonmatch"
"221",0.130251477065998,0.290006278200119,0.411963368734218,0.108027511469163,0.144895139405625,0.177958784657433,-0.0236031190314697,"S03:S10",5,"nonmatch"
"222",-0.706260503995739,0.523525472001903,0.241311113978595,0.268759511844463,0.117175968589899,0.0538586788222723,0.0857299362710927,"S03:S10",6,"nonmatch"
"223",-0.579559917990181,0.372748914395705,0.148907864250965,0.14207404957361,0.189778687418623,0.121911202075836,0.105829050769713,"S04:S01",1,"nonmatch"
"224",0.154073568546716,0.60587137469474,0.328691235313742,0.246239137998373,0.0907521962925011,0.120608871477019,-0.0114077979667253,"S04:S01",2,"nonmatch"
"225",0.58633566675457,0.549779440184898,0.312784557587629,0.191930097032115,0.073185829360129,0.00728618105963776,0.0615128015145669,"S04:S01",3,"nonmatch"
"226",0.768699027376113,0.28342415408268,0.311854511843337,0.0871748828589351,0.0866778663096653,0.104546346418473,0.0998261481090965,"S04:S01",4,"nonmatch"
"227",-0.697488416816079,0.48237751186548,0.319776083531773,0.168634410520655,0.0904207766918123,0.0748300445404509,-0.00679792988719567,"S04:S01",5,"nonmatch"
"228",0.775500698220088,0.265851924126854,0.287257376867223,0.113085454754924,0.0998674824903562,0.117868961587946,-0.0124059976263854,"S04:S01",6,"nonmatch"
"229",-0.767579172419263,0.286193817076429,0.308258607263948,0.18096091600751,0.0495600344767337,0.0160900072951172,0.119711864069031,"S04:S02",1,"nonmatch"
"230",-0.310850362539733,0.195648347714053,0.186230078793148,0.161755805314551,0.186835387635124,0.158659190722046,0.0615630489476613,"S04:S02",2,"nonmatch"
"231",0.0358841902250785,0.261270574124626,0.314427337585085,0.133905966928579,0.103289580909311,0.0834553761142359,0.0490359287415177,"S04:S02",3,"nonmatch"
"232",0.337035305696933,0.558825199578666,0.260454419912612,0.175668612443183,0.0707149103512959,-0.00865559163118139,0.0681861156324034,"S04:S02",4,"nonmatch"
"233",-0.276848093380703,0.532933461096433,0.332610142496126,0.27174478080642,0.163443452062086,0.0759595452047204,0.0259562154035896,"S04:S02",5,"nonmatch"
"234",-0.358684400363738,0.18735986347445,0.442346518877016,0.187839936461608,0.173397621585074,0.024600617784876,0.0172278239118382,"S04:S02",6,"nonmatch"
"235",-0.406313933523856,0.146887146316262,0.100247318390922,0.146445304279974,0.0692309614350342,0.0846488721570709,0.0542376352176104,"S04:S03",1,"nonmatch"
"236",0.272882503923167,0.219797654444317,0.139110443520295,0.23510313566609,0.201580942063911,0.0735514064650639,0.0513378358997573,"S04:S03",2,"nonmatch"
"237",0.658376761603534,0.476286082872568,0.243124950517007,0.119082749133182,0.189508157969529,0.0870390005069832,0.0806562933244377,"S04:S03",3,"nonmatch"
"238",0.344656186928149,0.225046055896294,0.235482142308296,0.134499140294741,0.153575115911099,0.0696822962914471,0.0474641236518561,"S04:S03",4,"nonmatch"
"239",-0.279941394506192,0.372533268249476,0.391938627564371,0.07672106200488,-0.0718061906628297,0.175491684347852,0.130877286847877,"S04:S03",5,"nonmatch"
"240",0.685362790379013,0.539283355401838,0.282653848511466,0.222732848772849,0.177338498827801,0.0205604408764774,0.0755358317380088,"S04:S03",6,"nonmatch"
"241",-0.575178490305285,0.52239304606503,0.305155871184929,0.212499869981054,0.00809664270127791,0.17482948191699,0.0258072701027213,"S04:S05",1,"nonmatch"
"242",0.289737424115925,0.453053855077043,0.205534091509134,0.175350119987981,0.0968304726781046,0.082530559642581,0.0403386328716966,"S04:S05",2,"nonmatch"
"243",0.675233071244424,0.0624124525685993,0.413849418286566,0.120808244136457,0.0785555727025343,0.114280307904515,0.134504741610323,"S04:S05",3,"nonmatch"
"244",0.137307197430559,0.444425211865711,0.245994653960425,0.108149673326343,0.164713346080659,0.0630367139462262,0.143416772519248,"S04:S05",4,"nonmatch"
"245",0.32606667854346,0.572284142852223,0.308246738494328,0.22018810743481,0.0877371473885945,0.00956695812775066,0.0337035235186027,"S04:S05",5,"nonmatch"
"246",0.685513356824119,0.420075185600712,0.437074289968607,0.324469145024405,0.190113690508829,0.0862504886775282,0.114347956998242,"S04:S05",6,"nonmatch"
"247",-0.327766823522825,0.378859365236892,0.378214043923287,0.276540882713931,0.0996734310514856,0.122080488932586,0.0561738292264204,"S04:S06",1,"nonmatch"
"248",-0.302566780574533,0.133227248786971,0.355040047083606,0.150597676578776,0.105433666410461,0.11639662613079,0.0770113527701545,"S04:S06",2,"nonmatch"
"249",0.000818502901097283,0.453776605039924,0.379174415073441,0.137093188624331,0.0813513021562695,0.030841671077903,0.0339605466286077,"S04:S06",3,"nonmatch"
"250",0.821415503774212,0.302151625620307,0.139367417005391,0.185105265227877,0.179868852146894,0.0407924425625669,0.10149898672321,"S04:S06",4,"nonmatch"
"251",0.683146161769059,0.320217984650796,0.293794915533301,0.195345047918081,0.0817008172410546,0.0424256036857967,0.0419978050470239,"S04:S06",5,"nonmatch"
"252",-0.239139325219503,0.531389592028703,0.268434756213196,0.140416333275297,0.213347173682684,0.0138443483028042,0.0716199036182725,"S04:S06",6,"nonmatch"
"253",0.128511363206313,0.100586735516678,0.234873085902695,0.171662002964381,0.0626151575600598,0.119398213636066,0.00241300862113037,"S04:S07",1,"nonmatch"
"254",0.119236617341916,0.10059534287096,0.353070852858789,0.186736477106505,0.16175884586167,0.145045108195251,0.00545473509372078,"S04:S07",2,"nonmatch"
"255",0.453113409330415,0.384842381357448,0.316583425083699,0.0809840112130922,0.15460063620294,0.155735400084204,0.0268104108286516,"S04:S07",3,"nonmatch"
"256",-0.278904578684307,0.0365602599091558,0.438407098243548,0.0710697715925073,0.0580738856307033,0.107062337963103,0.0175191614159246,"S04:S07",4,"nonmatch"
"257",0.963762630557786,0.408684324138466,0.449017722672699,0.0188078379073065,0.0855746271253342,0.114813006563294,0.0640844976210548,"S04:S07",5,"nonmatch"
"258",0.626092948549594,0.561880564798377,0.408752692912683,0.248871776969556,0.0537773750062441,0.106108516593234,0.0896028922656913,"S04:S07",6,"nonmatch"
"259",-0.151423852425192,0.467379625832181,0.301083892712745,0.212775559208263,0.0197582028248591,0.081443457502081,0.111416210816677,"S04:S08",1,"nonmatch"
"260",-0.413297877344543,0.475978816800201,0.31124016390686,0.243130545988632,0.0802465539963522,0.130642606936037,0.12565288902951,"S04:S08",2,"nonmatch"
"261",0.602097002089073,0.51331835552883,0.301707598919254,-0.0105427875728449,0.10986450058235,0.0637857188483266,0.0688136039287975,"S04:S08",3,"nonmatch"
"262",-0.395861797227267,0.423886539138214,0.237866262638766,0.0428273573289812,0.0882480069520397,0.0991640347603092,0.0340092305409093,"S04:S08",4,"nonmatch"
"263",-0.396019145351369,0.509691168362225,0.364255377808919,0.217904390779063,0.073237130619329,-0.012169979221285,0.0232230319636725,"S04:S08",5,"nonmatch"
"264",0.00380567659075804,0.247746132345024,0.38117889520696,0.246692583442325,0.0515009660606253,0.0776235110941434,-0.00568989830610115,"S04:S08",6,"nonmatch"
"265",-0.820469144961193,0.308737189117334,0.173332902407056,0.0489051514779677,0.0886705247919773,0.0869208058124816,0.125819230969743,"S04:S09",1,"nonmatch"
"266",-0.355678903395677,0.282846735185544,0.269379821945447,0.148053541162087,0.106299223811199,0.119768379791782,0.0417902110477104,"S04:S09",2,"nonmatch"
"267",-0.271713087749819,0.180882279518696,0.343447569850284,0.101499114938983,0.131795817322728,0.120536830154824,0.0259906858213769,"S04:S09",3,"nonmatch"
"268",-0.073359741734949,0.308505880408718,0.302006871206814,0.133413254889015,0.131755051514787,0.0372485235219548,0.0396267757674759,"S04:S09",4,"nonmatch"
"269",0.359736345759703,0.324966862224958,0.318445245357299,0.0980160082459402,0.1197557718891,0.0269438277748127,0.0759041734161085,"S04:S09",5,"nonmatch"
"270",-0.55635681943014,0.0543327671072766,0.0496342049383794,0.0346873982575262,0.0697525496663576,0.0907968617733574,-0.0403177534815423,"S04:S09",6,"nonmatch"
"271",0.64163222728986,-0.0741443188319747,0.33879707488224,0.0849716543369288,0.0389067359855793,0.0989376836469316,0.0661225472519941,"S04:S10",1,"nonmatch"
"272",-0.0327174350732289,0.50057276764214,0.283049025614956,0.256545366736547,0.00716432779990306,0.0452307329575441,0.0849976112367576,"S04:S10",2,"nonmatch"
"273",0.617064110493921,0.296193379834748,0.240588503928782,0.143337851294065,0.0731523796066078,0.0663013489653701,0.0550120512067106,"S04:S10",3,"nonmatch"
"274",0.470243248753091,0.279427762454354,0.368563761821636,0.0997188643309837,0.141865041494591,0.147930120543976,0.00765623620505898,"S04:S10",4,"nonmatch"
"275",0.719975847698918,0.473641866830976,0.229415867107997,0.173558141654189,0.124228797670078,0.0516729149030275,0.0492100816520769,"S04:S10",5,"nonmatch"
"276",-0.555618810179013,0.26697479356139,0.361102749705224,0.123298750205357,0.0759911813101161,0.0439364345437466,0.0205585473398846,"S04:S10",6,"nonmatch"
"277",0.924964661571285,0.381321363984289,0.331776851007908,0.0613688404827022,0.167742123440907,0.136479510351021,0.113591222585139,"S05:S01",1,"nonmatch"
"278",0.359338096830894,0.53265064858637,0.270470627751404,0.152786836447395,0.0928276273117329,0.0816480353536285,0.1465751812625,"S05:S01",2,"nonmatch"
"279",0.567397650750823,0.29696824744136,0.302176541243623,0.244946305797812,0.161961290925336,0.128073783456788,0.107029720010051,"S05:S01",3,"nonmatch"
"280",0.516206159771779,0.315446252316957,0.294652195649048,0.166900492720592,0.104836451541723,0.113470609676266,0.0866953207898313,"S05:S01",4,"nonmatch"
"281",0.459739780793808,0.534425940227846,0.35880688024474,0.105677074092821,0.0880701899432704,0.0475696326830008,0.0768783670452794,"S05:S01",5,"nonmatch"
"282",0.799753201274758,-0.0143074462368171,0.231669757237663,0.113996107625237,0.114870378064785,0.0756355144437594,0.103779008977628,"S05:S01",6,"nonmatch"
"283",0.559645562722671,0.352309691305008,0.38952883203495,0.156429178554863,0.0120573792804049,0.120254010864694,0.0687028563461499,"S05:S02",1,"nonmatch"
"284",0.413796005125645,0.437110092647443,0.374537706225935,0.230523717859178,0.172225803508772,0.135833256963172,0.101525718435098,"S05:S02",2,"nonmatch"
"285",-0.30665848732379,0.00170527045924429,0.309869855927644,0.184317501038394,0.203657005737532,0.101532655131711,0.0373914246800253,"S05:S02",3,"nonmatch"
"286",0.138128670798969,0.505728676926653,0.412989881589335,0.166747780893823,0.112345675865575,0.103420856408226,0.100870515406813,"S05:S02",4,"nonmatch"
"287",0.72962656604523,0.5213376329499,0.404974090341283,0.13299162140237,0.0204155031324943,0.0883116880084877,0.0191208186176997,"S05:S02",5,"nonmatch"
"288",-0.0268829918742118,0.156136575893327,0.428675684940348,0.220035668139987,0.131271208529336,0.0520953613018445,0.101283743349797,"S05:S02",6,"nonmatch"
"289",0.598507807736058,0.135852757824237,0.297237113336869,0.180696709317738,0.0100479195806175,0.149528223445353,0.114056913814272,"S05:S03",1,"nonmatch"
"290",0.249072106805783,0.222321821416726,0.495827256021951,0.232161847400892,0.203971770418662,0.120427298072203,0.0526102350783162,"S05:S03",2,"nonmatch"
"291",0.818593288481647,0.1470485492988,0.400308149515793,0.22486276584203,0.130071401280745,0.120475394520211,0.0695976685116122,"S05:S03",3,"nonmatch"
"292",-0.141326541601309,0.35562824638526,0.427027872106874,0.129201806835258,0.182842953815652,0.124474706807269,0.180515974422837,"S05:S03",4,"nonmatch"
"293",-0.489982824883757,0.532171485061529,0.42489871739766,0.210980090504132,0.147791917171094,0.141457506258647,0.0513290035515185,"S05:S03",5,"nonmatch"
"294",0.941081874403342,0.532119917637803,0.333229546644015,0.202401286897006,0.128498843464709,0.0556467186201131,0.111139476255648,"S05:S03",6,"nonmatch"
"295",-0.635625919251049,0.548999401096577,0.232762344767242,0.2167278698396,0.10318413193533,0.138289349027531,0.0925619666387808,"S05:S04",1,"nonmatch"
"296",0.12459592462539,0.536122476243819,0.419061170653238,0.169043136156915,0.156816902663274,0.0260704149569458,0.17469304892613,"S05:S04",2,"nonmatch"
"297",-0.0875023324284525,0.170859242120162,0.498110283024674,0.196642308353281,0.0996387988628086,0.103589797522832,0.0989650636586586,"S05:S04",3,"nonmatch"
"298",0.0762725073579666,0.523536972666465,0.334964323294154,0.036715323738499,0.218419183646083,0.108244676832838,0.103385189675299,"S05:S04",4,"nonmatch"
"299",0.0868104166760855,0.687862428279245,0.311270750164453,0.306568383165056,0.175968985740951,0.102405443887669,0.0920283236962575,"S05:S04",5,"nonmatch"
"300",0.133952808765872,0.487578318585003,0.366684986828185,0.270714967691631,0.154704839154118,0.188678884101621,0.0685402978212827,"S05:S04",6,"nonmatch"
"301",0.475882716677117,0.693609401538638,0.197397828866525,0.0993211404220736,0.130917746172946,0.151232120068982,0.121438601836163,"S05:S06",1,"nonmatch"
"302",0.409773182892848,0.239318251241142,0.304296891086437,0.175985793970296,0.212269138200717,0.0937545241188861,0.132093916912455,"S05:S06",2,"nonmatch"
"303",-0.416774316016417,0.216567728641244,0.410094553262488,0.123304784159866,0.132831352227728,0.137135288760632,0.0620061652842095,"S05:S06",3,"nonmatch"
"304",-0.0931135677325162,0.363832803989983,0.388769734654429,0.1240617549268,0.164233408251139,0.0899505656570511,0.119769685625466,"S05:S06",4,"nonmatch"
"305",0.0641514527058519,0.371364172202053,0.320471856152989,0.31454004886257,0.1521321018809,0.0952602944451788,0.0213899564663649,"S05:S06",5,"nonmatch"
"306",-0.112530806873942,0.601152490865679,0.344759125810755,0.235742039475448,0.198839266464726,0.0780511911821357,0.0699962122567944,"S05:S06",6,"nonmatch"
"307",0.26301243615177,0.155133291479265,0.310278658298951,0.169985809073334,0.167362225225351,0.0589861953308215,-0.0404287303908655,"S05:S07",1,"nonmatch"
"308",0.754651171827582,0.489100163257219,0.405943223623614,0.200715205927425,0.178144377157873,0.121814996245109,0.172534611902821,"S05:S07",2,"nonmatch"
"309",0.0597172382665274,0.319663104532068,0.390074596844083,0.244563587597181,0.182865032406339,0.110361513668226,0.085261684545593,"S05:S07",3,"nonmatch"
"310",-0.519576529082388,0.333500567287152,0.454703487654115,0.237711221967153,0.112412457399795,0.0584014066012339,0.0582965013571394,"S05:S07",4,"nonmatch"
"311",0.312182901833021,0.567910999152634,0.394970877734826,0.147485808066807,0.138778602927226,0.191442544431142,0.0407825610737751,"S05:S07",5,"nonmatch"
"312",0.861157822986755,0.225229574954471,0.379175914858686,0.198993325359296,0.196445212524448,0.0289463849263217,0.0988695699915396,"S05:S07",6,"nonmatch"
"313",0.790858226727318,0.553371506536265,0.405372019191851,0.152109517956766,0.0216321463630893,0.100542878301141,0.0497491828694202,"S05:S08",1,"nonmatch"
"314",0.324340719699878,0.374028886143524,0.506419068371211,0.266659716051435,0.0938253940162606,0.0871584558681361,0.0384677778492083,"S05:S08",2,"nonmatch"
"315",0.164531280770264,0.106371322795372,0.297522557823996,0.181304582800363,0.0969124340531968,0.20422785823727,0.0906606602391686,"S05:S08",3,"nonmatch"
"316",0.0189938224742695,0.332500879034544,0.41907651446996,0.234284407373689,0.129612220053933,0.0857634429378594,0.0355080385366947,"S05:S08",4,"nonmatch"
"317",-0.278879191103301,0.675765341220758,0.403906314696054,0.215917162120596,0.0752909487534099,0.020684949121766,0.0139545835351246,"S05:S08",5,"nonmatch"
"318",0.497095613090825,0.302684138202489,0.335632243515527,0.167766140716142,0.0745433424157218,0.0908627208296059,0.0193518195031512,"S05:S08",6,"nonmatch"
"319",0.881452083913079,0.397066183008663,0.250971641794695,0.144594924267217,0.11208540065531,0.236967849152057,0.0830852020494291,"S05:S09",1,"nonmatch"
"320",0.17896931848773,0.420616999229227,0.373116494348434,0.184418864591089,0.173973070489385,0.0793328908176319,7.68428739995677e-07,"S05:S09",2,"nonmatch"
"321",-0.76010116575228,0.23194540773464,0.287048832320076,0.179695109690538,0.125482384468484,0.1044034246909,0.111250152931828,"S05:S09",3,"nonmatch"
"322",-0.187488532971226,0.280543509295747,0.514025932963048,0.115858673770453,0.156432872960135,0.0367730511539469,0.089893099346596,"S05:S09",4,"nonmatch"
"323",0.514853840435508,0.36365994238448,0.493119880633233,0.194510625445074,0.171637687682514,0.0629254333702266,0.051687665174301,"S05:S09",5,"nonmatch"
"324",-0.261224998830908,0.0694946708020401,0.177880432646402,0.169255759974069,0.0503626157525695,0.0325022082350213,0.105528211477908,"S05:S09",6,"nonmatch"
"325",-0.0834217772733186,0.323908560083183,0.385359769803764,0.168680100699622,0.204376541239211,0.17961369684481,0.0896271409750023,"S05:S10",1,"nonmatch"
"326",0.0577141202623088,0.489702812264635,0.404267817903277,0.23905691786135,0.148001757055802,0.0527289951251729,0.0310578704643899,"S05:S10",2,"nonmatch"
"327",0.437375281985182,0.614333845140584,0.31075648583598,0.147694895178678,0.175349083064134,0.127049035184186,0.0349373436705457,"S05:S10",3,"nonmatch"
"328",0.312273526371897,0.291692204004611,0.407470410389213,0.16144984874658,0.0869256823605235,0.081366317021173,0.124446640853597,"S05:S10",4,"nonmatch"
"329",-0.138721437243537,0.415785573328266,0.49012327738124,0.197653838565729,0.237286306484239,0.00553310313685794,0.0679011378055627,"S05:S10",5,"nonmatch"
"330",-0.763346362740297,0.388885627828435,0.342786179437452,0.167575682780819,0.114772100042836,0.0391470740307881,0.0411517097548108,"S05:S10",6,"nonmatch"
"331",0.0766725746239229,0.225612423938331,0.347941248533968,0.0918714469140997,0.188090366986153,0.0913286926457059,0.00429971994429395,"S06:S01",1,"nonmatch"
"332",0.0675194330513686,0.317174245684852,0.26545044841322,0.136468612893657,0.135018269691923,0.002635221256496,-0.0206071603458619,"S06:S01",2,"nonmatch"
"333",-0.15165837055811,0.488064220715631,0.306049329599397,0.0964215429227824,0.0878798713253576,0.104300077209165,0.112270107788048,"S06:S01",3,"nonmatch"
"334",0.592942646641667,0.319540980120591,0.270459569366216,0.191382407441436,0.116106679799751,0.0883177713270887,0.0338136902163461,"S06:S01",4,"nonmatch"
"335",-0.239208604055849,0.174056497278877,0.230970362581955,0.127680040967268,0.109941322161242,0.00286008498759795,0.0693320447497796,"S06:S01",5,"nonmatch"
"336",0.702042717653273,0.267660768859734,0.370916554171449,0.0818462488539157,0.119071575617338,0.129785208885907,-0.0132437132126968,"S06:S01",6,"nonmatch"
"337",-0.56680705231047,0.332130070158263,0.444895198726813,0.226570980417154,0.100563695802512,0.0755442597050837,0.035454126200452,"S06:S02",1,"nonmatch"
"338",0.553738621111028,0.236230395574339,0.190555404487321,0.0835561304633597,0.0568094804500276,0.0534837813737472,0.0291191823280544,"S06:S02",2,"nonmatch"
"339",-0.259090430972861,0.0576808871378787,0.283459941201546,0.101068647458455,0.113161225955571,0.158944314773205,0.070650976224291,"S06:S02",3,"nonmatch"
"340",0.193504280102385,0.182889370964463,0.206905551141016,0.247790633967064,0.044198965891942,0.0416428557625475,0.088626636229535,"S06:S02",4,"nonmatch"
"341",0.428068170486975,0.271549199969899,0.298629867815208,0.336458878956187,0.0672856914477914,0.129421875215233,-0.0269670152784325,"S06:S02",5,"nonmatch"
"342",-0.473511251510717,0.123891339493661,0.227283180454674,0.245417891405814,0.165277573080022,0.0484121501317549,-0.0133462709963075,"S06:S02",6,"nonmatch"
"343",-0.257468799699306,0.152067888238379,0.312857721439918,0.0755838248035697,0.0519481763538408,0.0843538922876014,0.0451704503036929,"S06:S03",1,"nonmatch"
"344",-0.466940623623158,0.357922364836217,0.312572586401483,0.127619002230544,0.110494996906832,0.0104450070742336,-0.0106572613032156,"S06:S03",2,"nonmatch"
"345",0.749143578600988,0.505186523018941,0.295841736482163,0.200151762345236,0.116647832539714,0.0118958601025508,0.0145983775316613,"S06:S03",3,"nonmatch"
"346",0.343575947126412,0.231589518851768,0.298651245573349,0.179341124617079,0.150234500625723,0.0659801112557149,0.0514277040624127,"S06:S03",4,"nonmatch"
"347",-0.307733777502224,-0.0507392294026659,0.374894128161631,0.121221729823593,0.13836856816485,0.0625130353133891,0.121655375375582,"S06:S03",5,"nonmatch"
"348",0.549008669311018,0.648694182849718,0.320273186540502,0.248348655851214,0.172680558302297,0.140146998652855,0.0416253909194735,"S06:S03",6,"nonmatch"
"349",-0.0282713615625405,0.42637392545822,0.311317349431864,0.29351082372143,-0.0249848780407204,0.0014390150545807,0.0121939603974308,"S06:S04",1,"nonmatch"
"350",-0.690220717022661,0.516747410055161,0.27290578769491,0.0364895227261283,0.0913400935016758,0.0729729979545058,0.0597228394308897,"S06:S04",2,"nonmatch"
"351",-0.238227959839897,0.603974632692328,0.330694148978324,0.202877546225879,0.0703771610745811,0.118028604178681,0.0278341964601282,"S06:S04",3,"nonmatch"
"352",0.720905153136073,0.493337881609678,0.356562999839781,0.14995295964041,0.173516506569326,0.0327632841293215,0.0146767003355526,"S06:S04",4,"nonmatch"
"353",0.578439218179081,0.262501151246974,0.342341560749009,0.255391821115788,0.220827717174414,-0.033212216806598,0.115021184392349,"S06:S04",5,"nonmatch"
"354",0.0518312154857824,0.470643247374289,0.215560532094775,0.228532405079118,0.104375038343969,0.0824641725246836,0.0642948938533082,"S06:S04",6,"nonmatch"
"355",0.135454503535178,0.652144819974172,0.161931736831444,0.265985573629492,0.173336452614628,0.0425138518073243,-0.0158560647980234,"S06:S05",1,"nonmatch"
"356",0.132604224280273,0.20399229138782,0.264272513428226,0.127554850141788,0.0794947177843479,0.0486941279096479,-0.021749857981446,"S06:S05",2,"nonmatch"
"357",0.434359838883868,0.118361269687274,0.412366128080647,0.0792240426573712,0.0264207138692596,0.0911341380140289,0.0514448638923534,"S06:S05",3,"nonmatch"
"358",0.00660579533737029,0.348023125988044,0.28942418010258,0.145889749716853,0.119524040768409,0.114265486069115,0.0430378808137476,"S06:S05",4,"nonmatch"
"359",-0.308516805136106,0.194343377333281,0.205117918318804,0.138360667757579,0.102724891893012,0.0497210678678808,0.00665979173960965,"S06:S05",5,"nonmatch"
"360",0.471229339532057,0.648499324965093,0.266463060424826,0.178830337453894,0.138695410153556,0.0499053015741437,0.0141115488605537,"S06:S05",6,"nonmatch"
"361",-0.569945736866737,0.104170755365498,0.205396819149068,0.157038491807799,-0.0100525496779405,0.104446048298425,0.0551237765688415,"S06:S07",1,"nonmatch"
"362",0.169251271082829,0.260061556795047,0.230221764765388,0.184803083721555,0.0787955606640492,0.0343089989908565,0.131810838467171,"S06:S07",2,"nonmatch"
"363",-0.265871397278652,0.413116799839115,0.293541993619241,0.159355394190396,0.0364570623436972,0.0305038243644418,0.0233748845149903,"S06:S07",3,"nonmatch"
"364",0.0275136745890546,0.0229369893461968,0.251066122952867,0.184521836678636,0.0921712937569724,0.122148986250925,0.0575464173228657,"S06:S07",4,"nonmatch"
"365",0.729480426067799,0.314069457355876,0.349373186635491,0.230210118216197,0.151117738809363,0.0564639859107266,0.0284943504210027,"S06:S07",5,"nonmatch"
"366",0.408571934012278,0.359297648902643,0.412981573336719,0.165656989153702,0.102239421563299,0.0834234788276478,0.0149908608655304,"S06:S07",6,"nonmatch"
"367",0.553545407757113,0.546177096801618,0.397180038064442,0.221538926198752,0.0924972862606195,-0.0108037318005534,0.0722214992739126,"S06:S08",1,"nonmatch"
"368",0.655595669885322,0.250057527104907,0.323338798579274,0.20704437429942,0.0313779653255489,0.0222840208669538,0.0528708208022884,"S06:S08",2,"nonmatch"
"369",0.35711863745022,0.335269208662299,0.279949511698446,0.204159297965708,0.199892629523938,0.0584389393880173,0.0732492756528465,"S06:S08",3,"nonmatch"
"370",-0.153778994674477,0.489115461663886,0.354067447483783,0.104362553872152,0.0365876648662435,0.0873925801641368,-0.0177113595844981,"S06:S08",4,"nonmatch"
"371",-0.449240120814707,0.0435856417055061,0.331770899035391,0.109530563974372,0.0349798190643718,-0.0236240615463783,0.0708769750383263,"S06:S08",5,"nonmatch"
"372",0.682189819381614,0.396830170918321,0.309374988181849,0.12504723941263,0.108611194104874,0.0707413477240095,0.0107742776895022,"S06:S08",6,"nonmatch"
"373",-0.167801132171891,0.320916707247446,0.248545859399853,0.227772215944066,0.147586217161583,0.162251437138137,0.0559989096909696,"S06:S09",1,"nonmatch"
"374",0.182315904866743,0.309552451050755,0.237579125006423,0.146513256147127,0.0998606781260633,0.0143943272983139,0.0570966247057264,"S06:S09",2,"nonmatch"
"375",0.0547882451029082,0.0534192443487427,0.31612267006833,0.182314971243158,0.0566383198733236,0.0293718272964537,-0.00170508813380685,"S06:S09",3,"nonmatch"
"376",0.145630364691305,-0.0386019050251428,0.146258196698277,0.130297678361002,0.0778576931890021,0.0243081922830447,0.0130381205937709,"S06:S09",4,"nonmatch"
"377",0.406750838600499,0.093869759939461,0.317636315060891,0.109357468554361,0.240653553488279,0.067364524711947,0.0358524146163384,"S06:S09",5,"nonmatch"
"378",0.597558595483795,0.0389187689476727,0.12705611481593,0.21567521015316,0.112649849884813,0.0240956527956905,0.0950604760106543,"S06:S09",6,"nonmatch"
"379",-0.0872648267263833,0.281452061945348,0.217122274510695,0.0933994884357183,0.155565964909861,0.0862690881653436,0.054394156227671,"S06:S10",1,"nonmatch"
"380",0.450289745577064,0.330714631981816,0.184151158968532,0.0472221958543705,0.00524672952986904,0.0904553038115724,0.0266621760387124,"S06:S10",2,"nonmatch"
"381",-0.0597483087137044,0.372011520091512,0.328645234787823,0.226174714616871,0.182396937577114,0.0200389406281065,0.085077282745562,"S06:S10",3,"nonmatch"
"382",0.413216022951602,0.231756148644779,0.471287915071709,0.151474192409666,0.0835052605066291,0.0343624837596994,0.016759618654036,"S06:S10",4,"nonmatch"
"383",0.679495253733001,0.308187311036569,0.195199642094766,0.230891831296563,0.10192668298374,0.0602741557848956,0.0781750152609258,"S06:S10",5,"nonmatch"
"384",-0.133516109777626,0.279717739634579,0.400211749399086,0.231528376787199,0.149133206140967,0.0729972967724295,0.026702124209612,"S06:S10",6,"nonmatch"
"385",0.708825377103833,0.196442939972914,0.12395559293561,0.12175135429354,0.149207961601268,0.106956501386257,0.0963723084002752,"S07:S01",1,"nonmatch"
"386",0.529233503319102,0.565422059242793,0.284908048049811,0.218003514532381,0.115528569524014,0.0761468382587522,0.0734541900957301,"S07:S01",2,"nonmatch"
"387",0.475206650323666,0.378140365715236,0.36336036352021,0.255483405870856,0.181747389170918,0.166092255198958,0.0983607517598924,"S07:S01",3,"nonmatch"
"388",-0.397621984981871,0.0923130641079014,0.361391060043057,0.151729076463111,0.0654637864039412,0.0970712431766883,0.127378161246933,"S07:S01",4,"nonmatch"
"389",-0.50325983184827,0.302742459155304,0.28241085150061,0.00697473992223028,0.108067945485637,0.0869091967132948,0.0656342903147967,"S07:S01",5,"nonmatch"
"390",0.650559799337805,0.325029102313783,0.244399347755263,0.122478851318797,0.194458663934284,0.075697159824648,0.0294826360445819,"S07:S01",6,"nonmatch"
"391",0.593354093929867,0.0941109477112202,0.190625988223272,0.226974135116059,-0.0520082359471937,0.00832232123973989,0.0725941373437688,"S07:S02",1,"nonmatch"
"392",0.801822152157581,0.483139449847876,0.390456733740647,0.232124914737315,0.16022558285467,0.114859629261071,0.0339979493942719,"S07:S02",2,"nonmatch"
"393",0.820504932601997,0.416649362896566,0.325515944552415,0.272942026058933,0.27396778494393,0.145795685004712,0.0906689341237549,"S07:S02",3,"nonmatch"
"394",-0.85774935143611,0.364036637285461,0.280122148695332,0.188393194564867,0.0993217752520409,0.109251634733305,0.133235753557261,"S07:S02",4,"nonmatch"
"395",0.152766262615194,0.147038847601125,0.195893332229975,0.203380559073604,0.127682144096491,0.11844419440826,0.0388509993137758,"S07:S02",5,"nonmatch"
"396",0.0822410546465795,0.243596283894845,0.412270234482993,0.132021041507268,0.0956488968191753,0.0709596971893814,0.0199069528453877,"S07:S02",6,"nonmatch"
"397",0.422353000860502,0.0203569317595615,0.202099185419854,0.117512895332031,0.0863624788914583,0.189297625035263,0.0241648673598821,"S07:S03",1,"nonmatch"
"398",0.59117965269001,0.482669218185738,0.403002891185341,0.157612209451991,0.125386513975336,0.0817059270097307,0.0677419529987361,"S07:S03",2,"nonmatch"
"399",-0.194562825477943,0.705473552515986,0.494970005649713,0.214829832064544,0.216121149438894,0.0854983039117027,0.140252970249643,"S07:S03",3,"nonmatch"
"400",0.384192277007188,0.498162121044622,0.360995940121122,0.143273495793772,0.0444382331903162,0.10332937520254,0.0542470863772174,"S07:S03",4,"nonmatch"
"401",0.00746309617141373,0.426398076921929,0.431408366489262,0.204163341978135,0.107507857335909,0.0807085352598595,0.086803559363557,"S07:S03",5,"nonmatch"
"402",0.718470448863499,0.284807702784349,0.314660836862517,0.0204345074864872,0.164092956365705,0.109524467255045,0.0827144727301724,"S07:S03",6,"nonmatch"
"403",-0.18991121832705,0.103242405956444,0.234407800904087,0.116549889870419,0.174608830915818,0.0545212303322309,0.018871716933859,"S07:S04",1,"nonmatch"
"404",-0.188908456342271,0.215433707280656,0.253813157262118,0.220428814499376,0.0173450789948358,0.0839639874653053,0.0314837546659503,"S07:S04",2,"nonmatch"
"405",0.703500246738818,0.333411649648601,0.347005976387316,0.164031882716345,0.0859105957844461,0.121766164009353,0.111965270762547,"S07:S04",3,"nonmatch"
"406",0.477595252019162,0.246542655039161,0.383370721617111,0.0749296043194456,0.127249567083724,0.0895332274163297,0.126757332853209,"S07:S04",4,"nonmatch"
"407",0.829455402710587,0.569669222828534,0.425251072401914,0.145852519382876,0.104172925281903,0.159004929861853,-0.00534067080312114,"S07:S04",5,"nonmatch"
"408",0.0309379581766755,0.306483660766266,0.501578226090346,0.190232319080925,0.101772355674176,0.218078079510772,0.104468731187086,"S07:S04",6,"nonmatch"
"409",0.826701968708647,0.0127139737295435,0.274766824158461,0.081798858323511,0.0919022534972448,0.059580052524794,0.0689082239873478,"S07:S05",1,"nonmatch"
"410",0.836535107463584,0.563988530392638,0.405827719783654,0.137937632284961,0.202771655300726,0.120364910356105,0.112972098752222,"S07:S05",2,"nonmatch"
"411",0.00392281854117791,0.159228271668815,0.43763859206137,0.146345358746763,0.19477059277722,0.1236351272777,0.0766165391546089,"S07:S05",3,"nonmatch"
"412",-0.149245934933586,0.456371333421614,0.37791711035935,0.247397053337578,0.0399649224214815,0.0624828197263367,0.0697567644501463,"S07:S05",4,"nonmatch"
"413",-0.154023634440001,0.374999065361639,0.440945088918421,0.173777523552814,0.138638694705518,0.0344282772867125,0.0545535729825847,"S07:S05",5,"nonmatch"
"414",0.477558043209187,0.245498264114641,0.352843657342811,0.2086537322964,0.119884084919849,0.11566732582486,0.0440291811278541,"S07:S05",6,"nonmatch"
"415",0.00152843557289636,0.00847005781899536,0.217157596027561,0.181680509815395,0.137358175654334,0.0770455517443766,0.0934904447721881,"S07:S06",1,"nonmatch"
"416",0.468672742000285,0.297484443727522,0.145050164126521,0.0982008465275195,0.153859993215418,0.0370954641272804,0.080228957376884,"S07:S06",2,"nonmatch"
"417",-0.128943319499965,0.188727478065958,0.324477563041858,0.169695419894231,0.0880117804767987,-0.0407098702125402,0.0824851521421567,"S07:S06",3,"nonmatch"
"418",0.105322803880672,-0.174142660191719,0.26326972532129,0.15212555068494,0.0391461225450108,0.0963498302693358,0.0960732627284422,"S07:S06",4,"nonmatch"
"419",0.835935297299841,0.236361502528895,0.218801722621479,0.204572247871796,0.118446325636672,0.0634089723425163,0.0645075483943564,"S07:S06",5,"nonmatch"
"420",0.227500569800322,0.483269422495916,0.296526494789836,0.0996389332906273,0.206591009971348,0.119048847551568,0.00577713093305917,"S07:S06",6,"nonmatch"
"421",0.632190892598576,0.0771749727549245,0.272701079322581,0.248881685571953,0.111324682048927,0.133643810578023,0.0362188167729962,"S07:S08",1,"nonmatch"
"422",0.643112297676384,0.330644798887105,0.35165607382842,0.239539419490798,0.125928479591002,0.170536842540237,0.126396406579199,"S07:S08",2,"nonmatch"
"423",0.559822869015151,0.395046922954014,0.326622109942168,0.24752673187734,0.110503685554672,0.167305027599529,0.175259037784936,"S07:S08",3,"nonmatch"
"424",0.751445942122744,0.13274797680898,0.368052130964403,0.19612120472981,0.149533529215327,0.106990035056768,0.101332001623194,"S07:S08",4,"nonmatch"
"425",-0.198588283003378,0.286007011636409,0.362828694506137,0.192170676924653,0.0651867222258254,-0.0134710700002033,-0.0652516863478228,"S07:S08",5,"nonmatch"
"426",0.46550856592096,0.386973617181234,0.424875804034271,0.0596422434404824,0.193321556722782,0.0964988123089095,0.0399129888767632,"S07:S08",6,"nonmatch"
"427",0.765728088424884,0.324050070180503,0.206174752280873,0.153346475996189,0.09403057837943,0.0957736260586616,0.169927070725453,"S07:S09",1,"nonmatch"
"428",0.590120625666671,0.538201733306588,0.380022415945456,0.205249649981419,0.266323118388413,0.17619518440669,0.0590266548555758,"S07:S09",2,"nonmatch"
"429",0.144203773601434,0.455122794942649,0.292749158956915,0.142921080717102,0.189104192451013,0.0337684637079169,0.112526376520051,"S07:S09",3,"nonmatch"
"430",0.886699495254959,0.354169729025849,0.456936711350878,0.103455899283187,0.189306044760938,0.0182907303313895,0.0869992586808855,"S07:S09",4,"nonmatch"
"431",0.572224537025021,0.120938899594297,0.332479684042084,0.184970945117771,0.118502236670604,0.0239440381053734,0.0607058516887689,"S07:S09",5,"nonmatch"
"432",0.168254956293314,0.314679656890569,0.24694278514354,0.11346552141852,0.0829031877112985,0.0580732973148117,0.0545800781727433,"S07:S09",6,"nonmatch"
"433",0.494000227618329,0.281142641939919,0.362266665523859,0.284040329386082,0.120871437503316,0.00538264345742484,0.108540751415257,"S07:S10",1,"nonmatch"
"434",0.271270207627293,0.600708961084414,0.31668201309035,0.128850560939635,0.0490824526812044,-0.0168478608604613,-0.0135941967587853,"S07:S10",2,"nonmatch"
"435",0.58574003474675,0.459368273675209,0.407158462869998,0.163732591901416,0.0548419903779526,0.0437420067586343,0.0709969058469509,"S07:S10",3,"nonmatch"
"436",-0.390748419052779,0.477331601183264,0.410832207868274,0.14495459927298,0.160535568990309,0.0286916713871464,0.0764776176498797,"S07:S10",4,"nonmatch"
"437",0.872816284662964,0.374142956952062,0.382675540085794,0.074886129985086,0.120114064813967,0.169091700766108,-0.0191107800297444,"S07:S10",5,"nonmatch"
"438",-0.544205242922594,0.126983132954994,0.346718162303796,0.0474680873110661,0.198734565867972,0.118040715539896,0.0988748960895503,"S07:S10",6,"nonmatch"
"439",0.768767698590822,0.158610492993002,0.248449177583945,0.248314235072092,0.150173270854354,0.110287330140656,0.0768976808364596,"S08:S01",1,"nonmatch"
"440",0.304381130100796,0.557053415033171,0.374918084169528,0.243455483944749,0.199346279470102,0.00283509952623322,0.0511897008179748,"S08:S01",2,"nonmatch"
"441",0.860198232769372,0.376345132097284,0.345564282962704,0.178962698543574,0.030755447688418,0.0731609697125675,0.0944338628041928,"S08:S01",3,"nonmatch"
"442",-0.541694193313918,-0.0660446038506062,0.280675512585462,0.0862985290856547,0.0759805989101775,0.0769073611504733,0.0838351552614231,"S08:S01",4,"nonmatch"
"443",0.0415508069568712,0.497521957749459,0.439819188570684,0.0862896919141297,0.115415988550487,0.120691471539816,0.0997968244225582,"S08:S01",5,"nonmatch"
"444",0.559950235665806,0.353422065675933,0.356879844678113,0.152729854249069,0.154113060224493,0.0552465445848758,0.0271172491468624,"S08:S01",6,"nonmatch"
"445",0.253602360995319,0.227170971696475,0.339479672289373,0.194874917283969,0.0673959576528843,0.069571019274682,0.0512425772776005,"S08:S02",1,"nonmatch"
"446",0.972061363405651,0.284775396180627,0.286089571570173,0.139806419529206,0.134712078236997,0.0168067181615518,0.0818063874153086,"S08:S02",2,"nonmatch"
"447",-0.0772946368726923,0.449634495716401,0.285322392569913,0.0926962333715021,0.14730786289461,0.186517214753616,0.101876926289442,"S08:S02",3,"nonmatch"
"448",-0.363666255824287,0.270910416406166,0.338492800452617,0.149887242806642,-0.0441669493000142,0.0120351232368886,0.106806956754818,"S08:S02",4,"nonmatch"
"449",0.356707653816069,0.524229782297055,0.308545916245666,0.156713981832491,0.00670434057359548,0.16953802350041,0.039713090488282,"S08:S02",5,"nonmatch"
"450",-0.237807770969818,0.214104776682218,0.399835254654788,0.0336034888296511,0.0697056832268255,0.128332479005899,0.0340869369609601,"S08:S02",6,"nonmatch"
"451",0.350412993174124,-0.0269424072365,0.238000108149661,0.142246701985361,0.126052130001691,0.0675625435310222,0.127053122485653,"S08:S03",1,"nonmatch"
"452",0.096185336181738,0.162811687520978,0.387824129353176,0.140648062995677,0.0943699451663761,0.115666021530094,0.107895775512745,"S08:S03",2,"nonmatch"
"453",0.37573067352176,0.447680979827826,0.222553411619373,0.148490239973657,0.132655282333975,0.0619762372186525,0.0600052192908628,"S08:S03",3,"nonmatch"
"454",-0.039038488317884,0.290109129216092,0.200915282258881,0.217854101089788,0.136831144807765,0.132040197178331,0.0969502493468388,"S08:S03",4,"nonmatch"
"455",0.812795469389525,0.331765421841792,0.400453334740421,0.268811295066257,0.130747002960005,0.0392548521597554,0.115195238429102,"S08:S03",5,"nonmatch"
"456",0.843123187035759,0.50137640747747,0.428724345401966,0.255092694481883,0.258479516456968,0.162411485334507,0.109398297214556,"S08:S03",6,"nonmatch"
"457",-0.208859440195466,0.433721570585238,0.322006848103661,0.118942699293015,0.127757137481672,0.124603359246971,-0.0214600336280245,"S08:S04",1,"nonmatch"
"458",-0.747198191067459,0.509526592879855,0.260630647092065,0.1880695332651,0.0785771770313136,-0.0109511528782591,0.0935433174524485,"S08:S04",2,"nonmatch"
"459",-0.407611842285288,0.368854386204628,0.259869120166425,0.1900170121909,0.0526304805497368,0.156015263713634,0.102540925555333,"S08:S04",3,"nonmatch"
"460",0.607638219659516,0.523752686473474,0.354175057243702,0.256984467170247,0.171117267802668,0.0593765376672446,0.11259800101825,"S08:S04",4,"nonmatch"
"461",0.736671574647419,0.265556705694544,0.29305770239417,0.296659670683701,0.102310363975262,0.0570820194187158,0.0642450203002131,"S08:S04",5,"nonmatch"
"462",0.269517923126089,0.423322909575112,0.486402713913906,0.113816884328662,0.110142900810864,0.0922359780244242,0.061139082459128,"S08:S04",6,"nonmatch"
"463",0.87227740678407,0.429376404525358,0.363912456080615,0.168480645398295,0.159855783749607,0.187849811279387,0.0224340976122647,"S08:S05",1,"nonmatch"
"464",0.665549168321437,0.563104402808257,0.361384764621338,0.0320306087478189,0.120415413418792,0.130433860286528,0.0526098679167493,"S08:S05",2,"nonmatch"
"465",0.665162456617225,0.111347274062065,0.214480253910207,0.184611938638336,0.0576407741786468,0.0538816316598324,0.107671850565356,"S08:S05",3,"nonmatch"
"466",-0.39988723005811,0.344800549683524,0.30574999837106,0.120634551711855,-0.0157679045912923,0.000102775867356117,0.0653381873330645,"S08:S05",4,"nonmatch"
"467",-0.591088721732988,0.702194467064537,0.51691525817613,0.241469117677918,0.20428971384461,0.00417495574208015,0.0717171109115622,"S08:S05",5,"nonmatch"
"468",0.602536635235427,0.367344131724412,0.419920153230389,0.268409948795973,0.197969456929544,0.0337326758702198,0.0705756554408243,"S08:S05",6,"nonmatch"
"469",0.490829566976591,0.598364090976095,0.501168003995151,0.187998875896828,0.264525529786086,0.0748058194314337,0.127391292664199,"S08:S06",1,"nonmatch"
"470",0.857099173411453,0.111730632687581,0.344442824814312,0.153367680269332,0.0860884340008799,0.0994608829672213,0.14187407522932,"S08:S06",2,"nonmatch"
"471",-0.353429868607767,0.223754845352126,0.255249811929418,0.135918426013363,0.125553039185785,0.093008396942629,0.118852442273234,"S08:S06",3,"nonmatch"
"472",0.0693615046522287,0.00734045417105532,0.191037388929434,0.166773819667628,0.124391961134615,0.101785255087562,0.0132079645719222,"S08:S06",4,"nonmatch"
"473",0.249373311296283,0.179109931123564,0.381400152616878,0.270485423984836,0.154200030264673,0.186764877614384,0.0693319412621627,"S08:S06",5,"nonmatch"
"474",0.0836162549445108,0.637438859666466,0.403830703027671,0.122763091443455,0.137990479971855,0.166970951704893,0.132431982867695,"S08:S06",6,"nonmatch"
"475",0.388199916550071,0.0214333243159912,0.425192500954766,0.156403857200021,0.0689288924693817,0.052854552174923,-0.00953859173402049,"S08:S07",1,"nonmatch"
"476",0.820790992659176,0.36214145535495,0.403374091910711,0.138815629587683,0.105406358501014,0.160286333606281,0.116934299032945,"S08:S07",2,"nonmatch"
"477",0.20228118809107,0.477960375371773,0.208870292426689,0.18136609972563,0.146388045247413,0.0471822472642667,0.0333212576149417,"S08:S07",3,"nonmatch"
"478",0.834294374848714,0.192455123653688,0.325221431314628,0.207038962458052,0.00144556898266206,-0.00504962347270132,0.0441917305373749,"S08:S07",4,"nonmatch"
"479",-0.0841890943812516,0.251231250133614,0.541470060288362,0.0908622092244,0.178747911818049,0.17149316919211,0.0175645699724137,"S08:S07",5,"nonmatch"
"480",0.410729543201223,0.339866619595841,0.509679288059087,0.219964865766781,0.144340968760739,0.0713436068808045,0.0836241123141664,"S08:S07",6,"nonmatch"
"481",0.642086265623967,0.386006187367801,0.389552984404418,0.188431755660408,0.257007153448962,0.101281253329194,0.0620271812603816,"S08:S09",1,"nonmatch"
"482",0.599539890369481,0.256442879821028,0.314221908721501,0.179128561466762,0.193329548301844,-0.00461027283270864,0.0711756796211802,"S08:S09",2,"nonmatch"
"483",-0.266594491344358,0.104353407002026,0.265672476623091,0.145722289418031,0.148470052627351,0.0563475030434121,0.112265275976319,"S08:S09",3,"nonmatch"
"484",0.582228738158206,0.232016954528341,0.314646527924947,0.0855709368815065,0.121389532096446,0.0572337591037691,0.0696381388023397,"S08:S09",4,"nonmatch"
"485",0.608458058177713,0.489135198268585,0.351518703723801,0.171843872298737,0.161133115145124,0.0945725752128764,0.0917181101419522,"S08:S09",5,"nonmatch"
"486",0.200664190467829,0.198098350012902,0.171808874542499,0.150684661636633,0.136984737954198,0.136217423965989,0.0666159509513436,"S08:S09",6,"nonmatch"
"487",0.352569792609243,0.068019134165131,0.38380460588292,0.25726785302299,0.116827996395413,0.129243559907087,0.114048600429254,"S08:S10",1,"nonmatch"
"488",0.425225386413414,0.570569834418818,0.15799494353277,0.331874731462568,0.0535649220898729,0.0385926624468927,0.0497306716794705,"S08:S10",2,"nonmatch"
"489",-0.127742071614713,0.187583277811933,0.284917676713448,0.103213186669021,0.0105941962599302,0.0881310385617307,0.0265204975815241,"S08:S10",3,"nonmatch"
"490",-0.116022077488095,0.522300544629336,0.503908058933535,0.0988927148927769,0.0675732032616105,0.0201986086603957,0.0468181474949475,"S08:S10",4,"nonmatch"
"491",0.312708311862362,0.358070521615936,0.367904978425314,0.213090938774012,0.197489523584818,0.146417139009713,0.0497115572963197,"S08:S10",5,"nonmatch"
"492",-0.755167019396613,0.509568393857165,0.366203807492287,0.149182940159434,0.079038988811289,0.0510360486572251,0.0589390614525584,"S08:S10",6,"nonmatch"
"493",0.874722815456604,0.285108585569281,0.149489130719726,0.03943615397308,0.214159875033195,0.121090221962278,0.101552574456421,"S09:S01",1,"nonmatch"
"494",0.883474815591794,0.621354525780021,0.386077622335084,0.208296794542391,0.177159878992542,0.0945344197745247,0.0745283349813766,"S09:S01",2,"nonmatch"
"495",0.477779443651873,0.236555546088226,0.206104508065701,0.12706835675723,0.0751983291116776,0.0390428279614606,0.0408887576272106,"S09:S01",3,"nonmatch"
"496",-0.120455293959541,-0.150176015420897,0.23338337410351,0.170119257203067,0.039041279268502,0.0435887454192197,0.108358147937857,"S09:S01",4,"nonmatch"
"497",0.194834524048009,0.260225576261462,0.177734065664438,0.120063560572266,0.159547148868495,0.11023594016115,0.113252186111256,"S09:S01",5,"nonmatch"
"498",0.353483388307082,0.159517898438312,0.187252739196667,0.20651637119062,0.169817042882829,0.111881486806305,0.109712869882573,"S09:S01",6,"nonmatch"
"499",0.738361453028478,0.178160902502503,0.384527383305996,0.165755251936696,0.0391240900313703,-0.00386618629959736,0.16104945270359,"S09:S02",1,"nonmatch"
"500",0.509756010071436,0.229486772075098,0.196959921437575,0.181976116351337,0.156844550205823,0.0493304996026719,0.0720793490930438,"S09:S02",2,"nonmatch"
"501",0.671173229478874,0.286977947697586,0.389340560282935,0.15622693458082,0.102297107705046,0.0942584659342533,0.0571250243135169,"S09:S02",3,"nonmatch"
"502",-0.835266115089345,0.144728592419255,0.437036688405701,0.228346957096561,0.111195763431709,0.213164739148284,0.05490452033914,"S09:S02",4,"nonmatch"
"503",0.619550811380859,0.229549913886795,0.188670233151099,0.194510114481192,0.127780548700615,0.0711995616553033,0.0157449586620915,"S09:S02",5,"nonmatch"
"504",-0.0565817915052718,0.300960452983441,0.240579862419389,0.106495693175586,0.104358467892486,0.0789047961238918,0.0364781727070232,"S09:S02",6,"nonmatch"
"505",0.526298633891478,0.384476487566158,0.216881663643519,0.0579119134775031,0.0780019222262012,0.0533738457660074,0.183033333078085,"S09:S03",1,"nonmatch"
"506",0.68494480442654,0.455840397259753,0.315027936109652,0.159065626243757,0.114204937438647,0.043298341281054,0.0504834833560446,"S09:S03",2,"nonmatch"
"507",-0.512190652318275,0.497934215622341,0.388526432717465,0.138902663771195,0.205580298919108,0.0539570690787702,0.0305595313806469,"S09:S03",3,"nonmatch"
"508",0.529397483528712,0.340700472175429,0.328246860017315,0.209152689500018,0.159689704437769,0.146640311426648,0.0601949950709976,"S09:S03",4,"nonmatch"
"509",-0.180403750554764,0.378126002860201,0.259329911775891,0.102432495084893,0.146440922771355,0.0195188350953846,0.0336003436361816,"S09:S03",5,"nonmatch"
"510",0.550747039017238,0.211105278909909,0.297936921744248,0.244151934043641,0.0611131816492004,0.119022637958488,0.09075147289171,"S09:S03",6,"nonmatch"
"511",-0.696478028333187,0.289874797160588,0.149972346885332,0.235573793018036,0.187790564942252,0.056630483937175,0.051050543672241,"S09:S04",1,"nonmatch"
"512",-0.390820124760617,0.266367706012056,0.327172386609843,0.109646697734571,0.10412215546998,0.096665447162439,0.0204786804503107,"S09:S04",2,"nonmatch"
"513",0.0237515582735279,0.259464025230461,0.381240848458615,0.159672818698045,0.108233758534116,0.141254764690045,0.0152234146553136,"S09:S04",3,"nonmatch"
"514",0.70132869763819,0.117424662660877,0.357059302055687,0.222383515927854,0.291353142409334,0.0956139905573851,0.126008854057377,"S09:S04",4,"nonmatch"
"515",0.500945698106167,0.273368187489472,0.32496637081228,0.249254474067469,0.0704387296155476,0.11310807156175,0.116142744201702,"S09:S04",5,"nonmatch"
"516",0.25866926987967,0.159360872060511,0.23778556404789,0.172852785891148,0.0523530417304554,0.0972528481519703,0.107303349888231,"S09:S04",6,"nonmatch"
"517",0.946997894288599,0.298126559344593,0.21369095825727,0.053426652322151,0.0890837248825298,0.0374000915226118,0.0815675586815283,"S09:S05",1,"nonmatch"
"518",0.496061088547895,0.376483334418026,0.445624270887863,-0.0200760762032039,0.0724275780580934,0.0721312331485394,0.110734333617625,"S09:S05",2,"nonmatch"
"519",-0.329888286281898,0.260026932026737,0.386356400441224,0.288393705653849,0.118684044298632,0.10368143833291,0.0863260507401829,"S09:S05",3,"nonmatch"
"520",0.0312510343531244,0.204724871115124,0.383679527684701,0.129992515718119,0.0876581779452528,0.0483443889692477,0.0752284801389364,"S09:S05",4,"nonmatch"
"521",0.2588506712209,0.488824658887516,0.363023565843413,0.179398861472466,0.105703471522616,0.0795603181656409,0.141398608181598,"S09:S05",5,"nonmatch"
"522",0.109791659347028,0.149200645201314,0.242651704717254,0.155786964528424,0.109979030161793,0.067936365734925,0.0785572407656642,"S09:S05",6,"nonmatch"
"523",0.314131422780489,0.325386936912533,0.249156739544817,0.223734139761764,0.13242289407516,0.102734677516109,0.126958875071132,"S09:S06",1,"nonmatch"
"524",0.33264006582767,0.396638973737623,0.233568794917127,0.237116887588932,0.250319855143397,0.103100607251137,0.0727084081612962,"S09:S06",2,"nonmatch"
"525",0.0981436310130439,-0.10925277686556,0.156811207832785,0.223216548502168,0.144613303873144,0.15483688809232,0.0773243005130925,"S09:S06",3,"nonmatch"
"526",0.291332745307278,-0.251450421457546,0.195232642043405,0.0882774630135471,0.18527144227848,0.157129581194762,0.0304242561123405,"S09:S06",4,"nonmatch"
"527",0.278297819451987,0.231893635058758,0.261062929787678,0.162491863668717,0.167896077666753,0.0353785820706046,0.0405211563044899,"S09:S06",5,"nonmatch"
"528",0.393757321710206,0.104794809165833,0.117705964331649,0.148299644783657,0.065042024706808,0.081097694904608,0.0637819176243856,"S09:S06",6,"nonmatch"
"529",0.410792106980293,0.254655732048823,0.303194332455629,0.133494880680047,0.0715026252175243,0.0250102497559231,0.0474740626654642,"S09:S07",1,"nonmatch"
"530",0.589934209652548,0.532996499270374,0.218702928840278,0.129265157843349,0.122375286812658,0.162710966136954,0.0100482454025567,"S09:S07",2,"nonmatch"
"531",0.640148949620835,0.539187993320354,0.312300297579209,0.230378210280676,0.220817742376973,0.054402177975387,0.0815933451456564,"S09:S07",3,"nonmatch"
"532",0.939482628026217,0.0700365889194788,0.332978402381734,0.177503237478002,0.136940033611202,0.158336681382343,0.0989884318228196,"S09:S07",4,"nonmatch"
"533",0.563048409883709,0.243523864677816,0.27715670845881,0.0654606112828899,0.130061518431638,0.0899912197893241,0.0335703485624642,"S09:S07",5,"nonmatch"
"534",0.601961736040868,0.154610318806541,0.30243291267665,0.092158947238984,0.204237232097127,0.089656063581672,0.0797794346908606,"S09:S07",6,"nonmatch"
"535",0.602509251375289,0.242018720563447,0.206631717900524,0.218395450005108,0.107044523854137,0.0631159027048239,0.0381330311734811,"S09:S08",1,"nonmatch"
"536",0.266440817036312,0.182154327563771,0.284578593051678,0.229176181447191,0.155811125010604,0.0427536142312694,0.125058053037776,"S09:S08",2,"nonmatch"
"537",0.788125662624579,0.120541227613714,0.32167248961706,0.162963172401472,0.0694906323690035,0.113850020954341,0.0842477449162225,"S09:S08",3,"nonmatch"
"538",0.774085364430843,0.0913740245908987,0.326141163981368,0.133394028648221,0.0590836137256901,0.0625182943939017,0.0507432066479747,"S09:S08",4,"nonmatch"
"539",-0.054889273363645,0.419204263744867,0.298529465726443,0.112665640739011,0.0648962674128149,-0.00384602191387142,0.111796746726654,"S09:S08",5,"nonmatch"
"540",0.630851415654512,0.25275922841778,0.237914705171387,0.248745946852906,0.138445885719967,0.15091949006259,0.0677359035279875,"S09:S08",6,"nonmatch"
"541",-0.0073586123554307,0.346140032923369,0.320107462426128,0.208133353379047,0.104876949104857,0.0933242844154011,0.0685249836785418,"S09:S10",1,"nonmatch"
"542",-0.344166992827564,0.57034476522749,0.20001459686011,0.142396817897611,-0.0159706672611377,0.0603279397425235,0.0368491281949888,"S09:S10",2,"nonmatch"
"543",-0.293649963001633,0.24496068918171,0.0893880366315417,0.220823349427676,0.111566264344182,0.0769226606541945,0.0589692835020315,"S09:S10",3,"nonmatch"
"544",-0.190474878351801,0.525212349355978,0.30000073393712,0.12283565542213,0.109092299101417,0.143285552505906,0.0605729523821006,"S09:S10",4,"nonmatch"
"545",0.188521276515164,0.269547981125046,0.259992627236125,0.107602321914725,0.0912658040128287,0.115143809633382,0.09438063656067,"S09:S10",5,"nonmatch"
"546",-0.537520078194488,0.162214182993128,0.347855279420646,0.20009677610319,0.046089753354861,0.119388555953888,0.0142782492433025,"S09:S10",6,"nonmatch"
"547",-0.0385317690249393,0.453048540615658,0.171335513799355,0.0784378189704217,-0.00362840885002967,0.146321544016578,0.0534867579403078,"S10:S01",1,"nonmatch"
"548",0.402632385451942,0.416129133769571,0.240516501743428,0.152672069432154,0.108531874882967,0.0462722953767955,0.0193930734083874,"S10:S01",2,"nonmatch"
"549",0.353505252812062,0.467345095515157,0.320933012407953,0.178607380531443,0.0447476899821671,-0.0657576822312641,0.056251539906534,"S10:S01",3,"nonmatch"
"550",0.843629733258126,0.229730603554042,0.41008619110834,0.27864457776243,0.0686986069489918,0.0582707498129345,0.0654484734943222,"S10:S01",4,"nonmatch"
"551",-0.388143498473153,0.255104141808153,0.286599264174787,0.0879780808025117,0.230484447585745,0.0728511351737573,0.0940269438302317,"S10:S01",5,"nonmatch"
"552",-0.461707520162409,0.420096643344299,0.222316175678087,0.114040300320737,0.0761224634969685,0.0450515834564695,0.00833763752007715,"S10:S01",6,"nonmatch"
"553",-0.24995129709007,0.387222314700647,0.451685845949622,0.141524415720059,0.0556374014908781,0.0779747821021251,0.127587539342528,"S10:S02",1,"nonmatch"
"554",0.523657871864311,0.189206050675578,0.277879772836726,0.0509665799210548,-0.0352411572309364,0.0577346227905972,0.0990533029887804,"S10:S02",2,"nonmatch"
"555",0.319874715667101,0.024010041419175,0.314989838370722,0.074086318372535,0.120108229217005,0.103853430310101,0.0231769016547856,"S10:S02",3,"nonmatch"
"556",0.270941098375423,0.466767858798988,0.297123910262952,0.137555900450841,0.101795966178278,0.0526885897605596,0.159514835525911,"S10:S02",4,"nonmatch"
"557",0.277746560037303,0.377729614043188,0.245436250081334,0.243214831292159,0.0559402559544545,0.112848371997882,0.0832202198661573,"S10:S02",5,"nonmatch"
"558",0.00978991239899376,0.395526280833525,0.384147611951023,0.265100351038405,0.187339904510603,0.0252918697607266,0.0763045460878775,"S10:S02",6,"nonmatch"
"559",-0.515828802177877,0.288867750495003,0.341944242342234,0.107960456000796,0.0899462980835462,0.131050876638493,0.195858452688017,"S10:S03",1,"nonmatch"
"560",0.763649574901508,0.24757841806976,0.42986525532412,0.20824353674359,0.0401972173639595,0.0646084843408791,0.0778876611548616,"S10:S03",2,"nonmatch"
"561",0.313093422944001,0.532673844724013,0.238257399056199,0.181246668216446,0.171937585775881,0.0797284401217734,0.0419263189678558,"S10:S03",3,"nonmatch"
"562",0.507300267546213,0.665937921597353,0.293299642333686,0.204934824980898,0.18338326476565,0.0141861781246811,0.0417234400272751,"S10:S03",4,"nonmatch"
"563",0.0311847660908184,0.213517496746764,0.326446161286975,0.186413571403821,0.0859768756749353,0.114390946996642,0.0452181681718038,"S10:S03",5,"nonmatch"
"564",-0.848105214212516,0.417070414832769,0.2864521264208,0.213965187092351,0.057697845084885,0.0448521013188816,-0.0215563725772219,"S10:S03",6,"nonmatch"
"565",0.359035610937135,0.0677775777856653,0.392012289170728,0.182021467140454,0.0730104041837168,0.12264012006467,0.0511955351576062,"S10:S04",1,"nonmatch"
"566",0.279395645669543,0.282970707574567,0.474840527515185,0.0690413055208883,0.0208793110037599,-0.0413733529602957,0.0465582308406629,"S10:S04",2,"nonmatch"
"567",0.692971903675682,0.289388176387471,0.328394644848453,0.165961646721582,0.110120827284014,0.00328496847604999,0.0486746187636441,"S10:S04",3,"nonmatch"
"568",0.343504741233597,0.333158968737394,0.333990971132194,0.20945618693799,0.153697918599412,0.0730169836129692,0.100400248801949,"S10:S04",4,"nonmatch"
"569",0.824969622609611,0.568554232504557,0.284636020527031,0.247773007524521,0.0990877445231179,0.0486933629435982,0.110754764918798,"S10:S04",5,"nonmatch"
"570",-0.309425008363033,0.192910746468418,0.302795035493161,0.13068653235716,0.119848265215382,0.140756535952085,0.000243867991317093,"S10:S04",6,"nonmatch"
"571",0.283076614067471,0.338822314075432,0.442482678865931,0.135554790430372,0.0913111035662107,0.0815087067718034,-0.00767230506023386,"S10:S05",1,"nonmatch"
"572",0.520655069531156,0.258937257439042,0.524084544929188,0.11023828916993,0.147605818741153,0.182588264622932,0.0812442865712846,"S10:S05",2,"nonmatch"
"573",0.487578771815793,0.506954854452104,0.272514873787299,0.0973556410775065,0.204952549552802,0.0912192659444266,0.123546874365515,"S10:S05",3,"nonmatch"
"574",0.423065489425479,0.459738370971209,0.286183146869989,0.162294885325384,0.160623285578483,0.0538231771771479,0.151943791070297,"S10:S05",4,"nonmatch"
"575",-0.310492719948847,0.365901194832161,0.440357900354264,0.128569348746917,0.181632411068355,0.0730422623500502,0.0368361591167594,"S10:S05",5,"nonmatch"
"576",-0.455758486697386,0.246442056452926,0.359092810910634,0.204500597274289,0.156603378665382,0.0664877577519838,0.077329112304787,"S10:S05",6,"nonmatch"
"577",0.350868370645009,0.20577060355316,0.195635336963602,0.193692802378211,0.150681020245823,0.170766407966703,0.133239303896809,"S10:S06",1,"nonmatch"
"578",0.0231216597707657,0.42830995953368,0.200454277828462,0.119832952654918,0.0124407232413069,0.075923340895493,0.126334095138505,"S10:S06",2,"nonmatch"
"579",-0.413774691160908,0.437562792505019,0.322772704165855,0.197787941003664,0.162668907242517,0.0723660654663232,0.129527776374766,"S10:S06",3,"nonmatch"
"580",-0.0202478591217967,0.0468147735847291,0.383782752248284,0.229280375998329,0.170104172990163,0.0894614024468545,0.116867116865215,"S10:S06",4,"nonmatch"
"581",0.80234672818227,0.394017717363944,0.127572163490861,0.300900315824597,0.0982388667292727,0.126519204617246,0.0386847910594936,"S10:S06",5,"nonmatch"
"582",0.0549910709781321,0.324593942423176,0.21439992738606,0.227432407518691,0.0382190064882191,0.039359786500702,0.107859675059935,"S10:S06",6,"nonmatch"
"583",0.214190459699598,0.333584654780968,0.359896215060667,0.15128585466183,0.0755884602318138,0.075475645300608,0.0694350512495499,"S10:S07",1,"nonmatch"
"584",0.792721258458852,0.458032317286061,0.229709685833153,0.112857278307389,0.0483095344546894,0.0847177884902102,0.116300105172137,"S10:S07",2,"nonmatch"
"585",0.629275033677662,0.461298396053265,0.391727774114486,0.1571335230432,0.165527276805309,0.0889561853110563,0.0172273872950846,"S10:S07",3,"nonmatch"
"586",-0.375885245684201,0.392639039089839,0.334103905279797,0.215649527972358,0.122765830172264,0.0430175962700375,0.121879204864163,"S10:S07",4,"nonmatch"
"587",0.769857076776505,0.617804782871819,0.397701098429892,0.15710928538819,0.200413667173637,0.198684781921183,0.0380858976642484,"S10:S07",5,"nonmatch"
"588",-0.619074857694015,0.350132603216647,0.270101487587359,0.130649830250253,0.121662959401102,0.0519171879577299,0.0408548182400216,"S10:S07",6,"nonmatch"
"589",0.566529137739986,0.107880546141481,0.374475535399675,0.0850907025175738,0.117697871584042,0.0599697816842395,-0.00377388792846975,"S10:S08",1,"nonmatch"
"590",0.335416977887423,0.335670013134189,0.298662435596752,0.123751121248937,0.155434791281374,0.0308761844497993,0.0575485345204438,"S10:S08",2,"nonmatch"
"591",0.0325693256569366,0.162446859555691,0.402193385709468,0.147898153131625,0.115494174212515,0.0729150120428364,0.0384461334582647,"S10:S08",3,"nonmatch"
"592",0.1065757426732,0.435461805647988,0.375088199656622,0.101472606648841,-0.00496125591140588,0.0403581610516701,-0.0266435239234458,"S10:S08",4,"nonmatch"
"593",-0.259832763042102,0.387282658918108,0.292859967268694,0.22400735006053,0.0390756279739402,0.0145759563808855,0.0797829207779666,"S10:S08",5,"nonmatch"
"594",-0.731563162362587,0.124849187120422,0.249714017221465,0.151472183320609,0.0557689591921848,0.0833189640067328,0.0540831351161984,"S10:S08",6,"nonmatch"
"595",-0.00792276217611685,0.631331114504164,0.288444055495875,0.203683184967121,0.126082054242334,0.0999082245613424,0.102298722616925,"S10:S09",1,"nonmatch"
"596",0.307653332381196,0.409516524337129,0.420896340049702,0.160272843828718,0.153416379221045,0.0358576076181863,0.0360330248061501,"S10:S09",2,"nonmatch"
"597",-0.53554646976121,0.301553721107567,0.1672588935325,-0.030721540038212,0.151330942301446,0.0838670709197483,-0.0249697846474853,"S10:S09",3,"nonmatch"
"598",0.0716872812499173,0.561573859342128,0.299913020056536,0.198510238492904,0.179972860506106,0.0630317123727473,0.0572557732928273,"S10:S09",4,"nonmatch"
"599",0.441522424792056,0.384503694394109,0.356637896222909,0.0819375593034615,0.116265107400856,0.139741932428438,0.0369706250422705,"S10:S09",5,"nonmatch"
"600",-0.215435319994739,0.0906705134181626,0.2316540031643,0.201387251360655,0.147732683784684,0.0347457158828423,0.0196826580543268,"S10:S09",6,"nonmatch"
